-- MySQL dump 10.13  Distrib 8.0.36, for Win64 (x86_64)
--
-- Host: 127.0.0.1    Database: qwickerdb
-- ------------------------------------------------------
-- Server version	8.3.0

/*!40101 SET @OLD_CHARACTER_SET_CLIENT=@@CHARACTER_SET_CLIENT */;
/*!40101 SET @OLD_CHARACTER_SET_RESULTS=@@CHARACTER_SET_RESULTS */;
/*!40101 SET @OLD_COLLATION_CONNECTION=@@COLLATION_CONNECTION */;
/*!50503 SET NAMES utf8 */;
/*!40103 SET @OLD_TIME_ZONE=@@TIME_ZONE */;
/*!40103 SET TIME_ZONE='+00:00' */;
/*!40014 SET @OLD_UNIQUE_CHECKS=@@UNIQUE_CHECKS, UNIQUE_CHECKS=0 */;
/*!40014 SET @OLD_FOREIGN_KEY_CHECKS=@@FOREIGN_KEY_CHECKS, FOREIGN_KEY_CHECKS=0 */;
/*!40101 SET @OLD_SQL_MODE=@@SQL_MODE, SQL_MODE='NO_AUTO_VALUE_ON_ZERO' */;
/*!40111 SET @OLD_SQL_NOTES=@@SQL_NOTES, SQL_NOTES=0 */;

--
-- Table structure for table `location`
--

DROP TABLE IF EXISTS `location`;
/*!40101 SET @saved_cs_client     = @@character_set_client */;
/*!50503 SET character_set_client = utf8mb4 */;
CREATE TABLE `location` (
  `location_id` varchar(255) COLLATE utf8mb4_vietnamese_ci NOT NULL,
  `address_line` varchar(255) COLLATE utf8mb4_vietnamese_ci DEFAULT NULL,
  `contact` varchar(255) COLLATE utf8mb4_vietnamese_ci DEFAULT NULL,
  `formatted_address` varchar(255) COLLATE utf8mb4_vietnamese_ci DEFAULT NULL,
  `latitude` double NOT NULL,
  `longitude` double NOT NULL,
  `postal_code` varchar(255) COLLATE utf8mb4_vietnamese_ci DEFAULT NULL,
  `phone_number` varchar(255) COLLATE utf8mb4_vietnamese_ci DEFAULT NULL,
  PRIMARY KEY (`location_id`)
) ENGINE=InnoDB DEFAULT CHARSET=utf8mb4 COLLATE=utf8mb4_vietnamese_ci;
/*!40101 SET character_set_client = @saved_cs_client */;

--
-- Dumping data for table `location`
--

LOCK TABLES `location` WRITE;
/*!40000 ALTER TABLE `location` DISABLE KEYS */;
INSERT INTO `location` VALUES ('01046c5f-fe10-4d69-bb97-30f06faed6e4','Đông Thạnh 2','Anh a','Đông Thạnh 2, Xã Đồng Thạnh, Huyện Hóc Môn, Ho Chi Minh City 71708, Vietnam',10.89849869,106.63000756,'71708','0932487394'),('03723dc2-b762-4f1f-a6e6-73dad69411ce','Nguyễn Kiệm','Chị k','Nguyễn Kiệm, Phường 9, Phú Nhuận, Hồ Chí Minh 72216, Việt Nam',10.8091409,106.678469,'72216','0794653295'),('04a7cfd7-5418-43ce-9d80-513115a23a29','Hai Bà Trưng','Anh','Hai Bà Trưng, Bến Nghé, Quận 1, Hồ Chí Minh 71006, Việt Nam',10.9011152,106.63786605,'71006','075464568'),('0649694b-2969-4253-bca4-eff3a249246f',NULL,'Chị B','Gò Vấp, Vietnam',10.83136177,106.66875458,NULL,'035696832'),('06aff35f-e8d1-4014-ad23-406919f46f80','Đông Thạnh 6-1','Anh K','Đông Thạnh 6-1, Xã Đồng Thạnh, Huyện Hóc Môn, Ho Chi Minh City 71708, Vietnam',10.9057038,106.6472484,'71708','0373506362'),('079ce847-c6ed-43cc-a108-dfcb561b1a94','Nguyễn Kiệm','Anh a','Nguyễn Kiệm, Phường 9, Phú Nhuận, Hồ Chí Minh 72216, Việt Nam',10.8091409,106.678469,'72216','0932487394'),('16a0fab7-07df-4bf4-b3df-f75172b61b0d','Nguyễn Kiệm','Anh a','Nguyễn Kiệm, Phường 9, Phú Nhuận, Hồ Chí Minh 72216, Việt Nam',10.8091409,106.678469,'72216','0932487394'),('18a0c482-3fd9-4b91-bdb4-a5e89d7c98fd','1 Đông Thạnh 4','Anh a','1, Đông Thạnh 4, Xã Đồng Thạnh, Huyện Hóc Môn, Ho Chi Minh City 71708, Vietnam',10.9056449,106.6395469,'71708','0932487394'),('197a2222-70e8-461a-afbc-d0655f44ca0d','Nguyễn Kiệm','Anh a','Nguyễn Kiệm, Phường 9, Phú Nhuận, Hồ Chí Minh 72216, Việt Nam',10.8091409,106.678469,'72216','0932487394'),('1a327560-af27-4563-8e73-1532e8f51963',NULL,'Chị C','Gò Vấp, Vietnam',10.83136177,106.66875458,NULL,'0754218424'),('1b075df3-0f84-459e-b4fb-57a7908a2336','371 Nguyễn Kiệm','Chị o','371, Nguyễn Kiệm, Phường 3, Gò Vấp, Hồ Chí Minh, Việt Nam',10.816734,106.678677,NULL,'0794653865'),('1b1de1da-3535-489c-9517-33d3c2056b3a','Nguyễn Thị Minh Khai','Chị u','Nguyễn Thị Minh Khai, Đa Kao, Quận 1, Hồ Chí Minh 71007, Việt Nam',10.78417715,106.6993112,'71007','4665988'),('1b51525d-5a87-4135-bf7e-c87c5c9bd718','Hẻm 780/3-5 Nguyễn Kiệm','Anh a','Hẻm 780/3-5 Nguyễn Kiệm, Ward 4, Phu Nhuan, Ho Chi Minh City 72214, Vietnam',10.81069125,106.68083545,'72214','0932487394'),('1b8eb0ec-fabb-4e6e-ae0c-bdfd821404a4','1 Đông Thạnh 4','Anh a','1, Đông Thạnh 4, Xã Đồng Thạnh, Huyện Hóc Môn, Ho Chi Minh City 71708, Vietnam',10.9056449,106.6395469,'71708','0932487394'),('1c4f7e29-e79e-46bd-8e08-3f00e722d21b',NULL,'Chị K','Gò Vấp, Vietnam',10.83136177,106.66875458,NULL,'078451864'),('1df416ff-633e-4a01-ba3b-dc4b3df37b52','Nguyễn Kiệm','Anh a','Nguyễn Kiệm, Phường 9, Phú Nhuận, Hồ Chí Minh 72216, Việt Nam',10.8091409,106.678469,'72216','0932487394'),('202d004a-588f-4db4-bb1e-d44fca6975df','1 Đông Thạnh 4','Anh a','1, Đông Thạnh 4, Xã Đồng Thạnh, Huyện Hóc Môn, Ho Chi Minh City 71708, Vietnam',10.9056449,106.6395469,'71708','0932487394'),('202ebf4b-6c90-4c59-9cdd-b7b8edba1f32','1 Đông Thạnh 4','Anh a','1, Đông Thạnh 4, Xã Đồng Thạnh, Huyện Hóc Môn, Ho Chi Minh City 71708, Vietnam',10.9056449,106.6395469,'71708','0932487394'),('20de2e6e-c924-49c9-94bd-322f249c1074','Đông Thạnh 2','Anh a','Đông Thạnh 2, Xã Đồng Thạnh, Huyện Hóc Môn, Ho Chi Minh City 71708, Vietnam',10.89849869,106.63000756,'71708','073461565'),('20eab61d-2634-4385-93b6-85ee645e442e',NULL,'Chị K','Gò Vấp, Vietnam',10.83136177,106.66875458,NULL,'078451864'),('21d2bc44-9c7a-4a7a-8df4-669ce316f41a','1 Đông Thạnh 4','Anh a','1, Đông Thạnh 4, Xã Đồng Thạnh, Huyện Hóc Môn, Ho Chi Minh City 71708, Vietnam',10.9056449,106.6395469,'71708','0932487394'),('23532cb6-3ecb-4199-93e5-919c2077c344','1849 Oak St','hskd','1849 Oak St, Alameda, CA 94501',37.770338,-122.240549,'94501','8467'),('263ed91f-17b1-47a8-a0b8-74e261cdbdd0','Nguyễn Kiệm','Anh a','Nguyễn Kiệm, Phường 9, Phú Nhuận, Hồ Chí Minh 72216, Việt Nam',10.8091409,106.678469,'72216','0932487394'),('282073b9-09ed-412f-946a-1d514d90a73b','1 Đông Thạnh 4','Anh a','1, Đông Thạnh 4, Xã Đồng Thạnh, Huyện Hóc Môn, Ho Chi Minh City 71708, Vietnam',10.9056449,106.6395469,'71708','0932487394'),('292bd9cc-c075-4a54-a482-429a83acd512','Nguyễn Kiệm','Anh a','Nguyễn Kiệm, Phường 9, Phú Nhuận, Hồ Chí Minh 72216, Việt Nam',10.8091409,106.678469,'72216','0932487394'),('29ada5cb-c505-46ac-bee6-ed61bda40d49','Nguyễn Kiệm','Anh a','Nguyễn Kiệm, Phường 9, Phú Nhuận, Hồ Chí Minh 72216, Việt Nam',10.8091409,106.678469,'72216','0932487394'),('2a569825-37a2-4056-942c-5db50aa768f4','1 Đông Thạnh 4','Anh B','1, Đông Thạnh 4, Xã Đồng Thạnh, Huyện Hóc Môn, Ho Chi Minh City 71708, Vietnam',10.906296852432385,106.64815294758775,'71708','0373506362'),('2b9cdb61-5058-4540-ba71-2a5704986228','1 Đông Thạnh 4','Anh a','1, Đông Thạnh 4, Xã Đồng Thạnh, Huyện Hóc Môn, Ho Chi Minh City 71708, Vietnam',10.9056449,106.6395469,'71708','0932487394'),('30f42e47-2413-42f1-83bd-4600a7a5918d','Nguyễn Kiệm','Anh a','Nguyễn Kiệm, Phường 9, Phú Nhuận, Hồ Chí Minh 72216, Việt Nam',10.8091409,106.678469,'72216','0932487394'),('31976f5d-8980-427a-a6a9-66abc23b774b','Đông Thạnh 4-2 Nhánh 1','Anh a','Đông Thạnh 4-2 Nhánh 1, Xã Đồng Thạnh, Huyện Hóc Môn, Ho Chi Minh City 71708, Vietnam',10.89860482,106.63699085,'71708','0932487394'),('3571cdf8-d056-4885-a013-cb1d1e76efa0','11 Bà Điểm 11','Chị A','11, Bà Điểm 11, Bà Điểm, Huyện Hóc Môn, Ho Chi Minh City 71714, Vietnam',10.906296852432385,106.64815294758775,'71714','075406'),('372fdf79-0328-4489-a219-1624898323fb','1 Đông Thạnh 4','Anh a','1, Đông Thạnh 4, Xã Đồng Thạnh, Huyện Hóc Môn, Ho Chi Minh City 71708, Vietnam',10.9056449,106.6395469,'71708','0932487394'),('3866cb9c-f27c-4887-8ce2-20771dff03a8','Nguyễn Kiệm','Anh a','Nguyễn Kiệm, Phường 9, Phú Nhuận, Hồ Chí Minh 72216, Việt Nam',10.8091409,106.678469,'72216','0932487394'),('3b1056c4-6d91-4241-a545-3c8e5ec2823e','8 Đông Thạnh 8','Anh A','8, Đông Thạnh 8, Xã Đồng Thạnh, Huyện Hóc Môn, Ho Chi Minh City 71708, Vietnam',10.9012287,106.650272,'71708','037548613'),('40189b5b-e38d-4edc-bf7b-9ac87aa01f1b','1 Đông Thạnh 4','Anh a','1, Đông Thạnh 4, Xã Đồng Thạnh, Huyện Hóc Môn, Ho Chi Minh City 71708, Vietnam',10.9056449,106.6395469,'71708','0932487394'),('40cd2966-0f5e-4d72-9d2a-26202861e816','1 Đông Thạnh 4','Anh a','1, Đông Thạnh 4, Xã Đồng Thạnh, Huyện Hóc Môn, Ho Chi Minh City 71708, Vietnam',10.9056449,106.6395469,'71708','0932487394'),('43178c08-f3d9-4a10-ab91-3f97c6a41fae','Đông Thạnh 2','Anh a','Đông Thạnh 2, Xã Đồng Thạnh, Huyện Hóc Môn, Ho Chi Minh City 71708, Vietnam',10.89849869,106.63000756,'71708','0932487394'),('46543ef6-b5b3-46d6-8560-8c45a8fe0250','1 Đông Thạnh 4','Anh k','1, Đông Thạnh 4, Xã Đồng Thạnh, Huyện Hóc Môn, Ho Chi Minh City 71708, Vietnam',10.9056449,106.6395469,'71708','0373506333'),('4bebcc2f-878b-4565-a5ee-4753d3925d2e','Đông Thạnh 3-4','Anh j','Đông Thạnh 3-4, Xã Đồng Thạnh, Huyện Hóc Môn, Ho Chi Minh City 71708, Vietnam',10.9011152,106.63786605,'71708','0784581637'),('4f4eed4c-45c1-4bf4-a4de-8558ac447a58','Nguyễn Kiệm','Anh a','Nguyễn Kiệm, Phường 9, Phú Nhuận, Hồ Chí Minh 72216, Việt Nam',10.8091409,106.678469,'72216','0932487394'),('4f95f048-2c29-4ac7-8ef8-1812603bbe09','Võ Văn Tần','Chị N','Võ Văn Tần, Võ Thị Sáu, Quận 3, Hồ Chí Minh 72407, Việt Nam',10.77447624,106.68839236,'72407','0373506366'),('50532876-9280-42af-b782-1cab5e4c325b','1 Đông Thạnh 4','Anh a','1, Đông Thạnh 4, Xã Đồng Thạnh, Huyện Hóc Môn, Ho Chi Minh City 71708, Vietnam',10.9056449,106.6395469,'71708','0932487394'),('57fc5dd7-f2df-430c-969a-787653e9c31e','Nguyễn Kiệm','Anh a','Nguyễn Kiệm, Phường 9, Phú Nhuận, Hồ Chí Minh 72216, Việt Nam',10.8091409,106.678469,'72216','0932487394'),('5bb187e5-5ddf-4b62-a19b-b2d9c9d27524','Nguyễn Kiệm','Anh a','Nguyễn Kiệm, Phường 9, Phú Nhuận, Hồ Chí Minh 72216, Việt Nam',10.8091409,106.678469,'72216','0932487394'),('5f6774d0-97a8-4252-85a6-e0aa5454ff45','Nguyen Kiem Street','Chị k','Nguyen Kiem Street, Ward 7, Thành Phố Vũng Tàu, Ba Ria-Vung Tau 78212, Vietnam',10.36546015,107.0823918,'78212','078495398652'),('6316a26c-72c6-4e40-83f7-21aa68c09e54','1 Đông Thạnh 4','Anh a','1, Đông Thạnh 4, Xã Đồng Thạnh, Huyện Hóc Môn, Ho Chi Minh City 71708, Vietnam',10.9056449,106.6395469,'71708','0932487394'),('681b9bf2-f0dc-43ac-9e3e-3882075c75fe',NULL,'Chị B','Gò Vấp, Vietnam',10.83136177,106.66875458,NULL,'0373506362'),('68dce64e-f834-43b0-9cd0-7b7598612af1','Đông Thạnh 2','Anh a','Đông Thạnh 2, Xã Đồng Thạnh, Huyện Hóc Môn, Ho Chi Minh City 71708, Vietnam',10.89849869,106.63000756,'71708','0932487394'),('7293c0bf-5a95-437b-9b1e-867a1b83f089','Nguyễn Kiệm','Anh a','Nguyễn Kiệm, Phường 9, Phú Nhuận, Hồ Chí Minh 72216, Việt Nam',10.8091409,106.678469,'72216','0932487394'),('72d549a6-ccbb-45e9-a8a2-3ecf0a0eed40','Đông Thạnh 2','Anh A','Đông Thạnh 2, Xã Đồng Thạnh, Huyện Hóc Môn, Ho Chi Minh City 71708, Vietnam',10.89849869,106.63000756,'71708','0784516'),('73cd11ee-b8ba-45a3-b29a-d20fdfe8391b','C-333 Gokul Avenue','vks','C-333 Gokul Avenue, Amritsar, Punjab-143001, India',31.644114,74.893878,'143001','846'),('7706bf5c-a8a1-4a0f-aab7-c01df79dc9ee','Haiz','Anh B','Hazratganj, India',26.85770416,80.94849396,'65191',NULL),('7fbf7651-06e4-4400-930c-a819216051ab','Nguyễn Kiệm','Anh a','Nguyễn Kiệm, Phường 9, Phú Nhuận, Hồ Chí Minh 72216, Việt Nam',10.8091409,106.678469,'72216','0932487394'),('8056bb55-cef6-4077-8580-bd884866a898','Nguyễn Kiệm','Anh a','Nguyễn Kiệm, Phường 9, Phú Nhuận, Hồ Chí Minh 72216, Việt Nam',10.8091409,106.678469,'72216','0932487394'),('81f4185a-dce7-4fdb-8c7e-c1171fdc7eed','1 Đông Thạnh 4','Anh a','1, Đông Thạnh 4, Xã Đồng Thạnh, Huyện Hóc Môn, Ho Chi Minh City 71708, Vietnam',10.9056449,106.6395469,'71708','0932487394'),('822f282f-d0bb-41ab-88fc-d4f80d784d5d',NULL,'Chị o','Quận Gò Vấp',10.83828545,106.6673584,NULL,'0373506366'),('863f791e-62d3-412a-a07b-295e40d316b9','8 Đông Thạnh 8','CHỊ A','8, Đông Thạnh 8, Xã Đồng Thạnh, Huyện Hóc Môn, Ho Chi Minh City 71708, Vietnam',10.9012287,106.650272,'71708','0373506362'),('867eea22-25cd-46b8-8bd2-1d5e2f7834b5','Nguyễn Kiệm','Anh a','Nguyễn Kiệm, Phường 9, Phú Nhuận, Hồ Chí Minh 72216, Việt Nam',10.8091409,106.678469,'72216','0932487394'),('88b1febb-1b5a-4238-8416-a6e4e169a0a4','1 Đông Thạnh 4','Anh a','1, Đông Thạnh 4, Xã Đồng Thạnh, Huyện Hóc Môn, Ho Chi Minh City 71708, Vietnam',10.9056449,106.6395469,'71708','0932487394'),('8952ae27-19c7-4e4f-9211-fb444bdbc270','1 Đông Thạnh 4','Anh O','1, Đông Thạnh 4, Xã Đồng Thạnh, Huyện Hóc Môn, Ho Chi Minh City 71708, Vietnam',10.9056449,106.6395469,'71708','0758496163'),('8b8f6292-bf28-442e-9c53-828a435d966d','Đông Thạnh 6-1','Anh o','Đông Thạnh 6-1, Xã Đồng Thạnh, Huyện Hóc Môn, Ho Chi Minh City 71708, Vietnam',10.9057038,106.6472484,'71708','076495685'),('8b9d84f7-1507-4638-9f98-f9d3d38f01ae','Nguyễn Kiệm','Anh a','Nguyễn Kiệm, Phường 9, Phú Nhuận, Hồ Chí Minh 72216, Việt Nam',10.8091409,106.678469,'72216','0932487394'),('8d450b18-3eb6-4a9d-8217-c7555f46b52b','Nguyễn Kiệm','Anh a','Nguyễn Kiệm, Phường 9, Phú Nhuận, Hồ Chí Minh 72216, Việt Nam',10.8091409,106.678469,'72216','0932487394'),('8e5c19de-f25c-4e46-a662-cba8e14a426b','1 Đông Thạnh 4','Anh a','1, Đông Thạnh 4, Xã Đồng Thạnh, Huyện Hóc Môn, Ho Chi Minh City 71708, Vietnam',10.9056449,106.6395469,'71708','0932487394'),('9219b408-bd6f-4621-8ddf-98b4c6fa453d','Đông Thạnh 2','Chị A','Đông Thạnh 2, Xã Đồng Thạnh, Huyện Hóc Môn, Ho Chi Minh City 71708, Vietnam',10.89849869,106.63000756,'71708','0734562395'),('926a7891-954c-41e8-bfe3-dbfdcd940f90','Nkqubela Road','Chi A','Nkqubela Road, Bhongweni, Kokstad, 4693, South Africa',10.90623443203636,106.64754031288199,'72216',NULL),('96589ed5-9d16-4f95-88d6-f8327479cd2a','C-333 Gokul Avenue','vks','C-333 Gokul Avenue, Amritsar, Punjab-143001, India',31.644114,74.893878,'143001','846'),('986bed9a-40ae-47d5-8e85-f964b260999a','1 Đông Thạnh 4','Anh a','1, Đông Thạnh 4, Xã Đồng Thạnh, Huyện Hóc Môn, Ho Chi Minh City 71708, Vietnam',10.9056449,106.6395469,'71708','0932487394'),('9ce94987-b63e-48ea-90ef-6c350650afae','1 Đông Thạnh 4','Anh B','1, Đông Thạnh 4, Xã Đồng Thạnh, Huyện Hóc Môn, Ho Chi Minh City 71708, Vietnam',10.9056449,106.6395469,'71708','0373506362'),('9d35e20e-e66e-4c18-a010-a96b634cc4c7','Võ Văn Tần','ANH C','Võ Văn Tần, Đức Hòa district, Huyện Đức Hòa, Long An 82722, Vietnam',10.8184075,106.4538116,'82722','0373506362'),('9e9531f4-ebf8-438f-a66b-1f6bf37659e2','Nguyễn Kiệm','Chi k','Nguyễn Kiệm, Phường 9, Phú Nhuận, Hồ Chí Minh 72216, Việt Nam',10.8091409,106.678469,'72216','0754865'),('9f1b8575-4442-4686-a4ad-3901a691fd39',NULL,'Chị l','Quận 12, Vietnam',10.86314774,106.65470886,NULL,'0784598623'),('a094b23c-6368-45d1-a008-4effc87a339d','1 Đông Thạnh 4','Anh a','1, Đông Thạnh 4, Xã Đồng Thạnh, Huyện Hóc Môn, Ho Chi Minh City 71708, Vietnam',10.9056449,106.6395469,'71708','0932487394'),('a504664a-9383-45d2-8b63-e588755806df','Nguyễn Kiệm','Anh a','Nguyễn Kiệm, Phường 9, Phú Nhuận, Hồ Chí Minh 72216, Việt Nam',10.8091409,106.678469,'72216','0932487394'),('a5a2bee5-f419-4d91-840d-c4bfeb82d6c1','1 Đông Thạnh 4','Anh a','1, Đông Thạnh 4, Xã Đồng Thạnh, Huyện Hóc Môn, Ho Chi Minh City 71708, Vietnam',10.9056449,106.6395469,'71708','0932487394'),('a7aabc86-9fb8-459c-a0f0-157f1b13088a','1 Đông Thạnh 4','Anh a','1, Đông Thạnh 4, Xã Đồng Thạnh, Huyện Hóc Môn, Ho Chi Minh City 71708, Vietnam',10.9056449,106.6395469,'71708','0932487394'),('ad24e1ab-8536-416f-bbde-9724eaa0dcc6','Nguyễn Kiệm','Anh a','Nguyễn Kiệm, Phường 9, Phú Nhuận, Hồ Chí Minh 72216, Việt Nam',10.8091409,106.678469,'72216','0932487394'),('b1c32b33-c747-4a7d-b514-e0a94f122c5a',NULL,'Chị k','Quận Gò Vấp',10.83828545,106.6673584,NULL,'0764983652'),('b2b73d50-0ca4-4c5a-bff8-5f72fc41067a','Nguyễn Kiệm','Anh B','Nguyễn Kiệm, Phường 9, Phú Nhuận, Hồ Chí Minh 72216, Việt Nam',10.8091409,106.678469,'72216','0373506362'),('b3d55685-5860-4ebb-9c2b-aa4b0911f49d','Hẻm 685 Quang Trung','Anh a','Hẻm 685 Quang Trung, Phường 11, Gò Vấp, Hồ Chí Minh 71421, Việt Nam',10.83612075,106.65770115,'71421','0932487394'),('b465f46f-aa69-46b1-bdd3-5d8deb1c7df7','Nguyễn Kiệm','Anh a','Nguyễn Kiệm, Phường 9, Phú Nhuận, Hồ Chí Minh 72216, Việt Nam',10.8091409,106.678469,'72216','0932487394'),('b50fca32-be42-4090-8d2f-21fadc662d7e','8 Đông Thạnh 8','Anh A','8, Đông Thạnh 8, Xã Đồng Thạnh, Huyện Hóc Môn, Ho Chi Minh City 71708, Vietnam',10.9012287,106.650272,'71708','037548613'),('b96cbb04-103b-4b8c-97dc-4eba98155e8f','Nguyễn Kiệm','Anh a','Nguyễn Kiệm, Phường 9, Phú Nhuận, Hồ Chí Minh 72216, Việt Nam',10.8091409,106.678469,'72216','0932487394'),('b9ddaaed-4136-4586-8dab-fcaa0f5711cc','1 Đông Thạnh 4','Anh a','1, Đông Thạnh 4, Đông Thạnh, Hóc Môn, Hồ Chí Minh 71708, Việt Nam',10.9056449,106.6395469,'71708','0932487394'),('bff3d9a2-caa8-4140-baf0-83ea935fc1b0','1 Đông Thạnh 4','Anh a','1, Đông Thạnh 4, Xã Đồng Thạnh, Huyện Hóc Môn, Ho Chi Minh City 71708, Vietnam',10.9056449,106.6395469,'71708','0932487394'),('c006343d-47ce-407b-b89d-2eb973cfb55f','Nguyễn Kiệm','Anh a','Nguyễn Kiệm, Phường 9, Phú Nhuận, Hồ Chí Minh 72216, Việt Nam',10.8091409,106.678469,'72216','0932487394'),('c0215ca8-1b15-458c-a2aa-815ccc6dd005',NULL,'Anh A','Huyện Hóc Môn',10.8856926,106.58988953,NULL,'037356362'),('c022f4d0-db41-49d1-be91-b7092a885ec0','Nguyễn Kiệm','Anh a','Nguyễn Kiệm Ward 9 72216 Ho Chi Minh City',0,0,'72216','0932487394'),('c2e2f088-6839-4059-b26f-205a596bd483','1 Đông Thạnh 4','Anh a','1, Đông Thạnh 4, Xã Đồng Thạnh, Huyện Hóc Môn, Ho Chi Minh City 71708, Vietnam',10.9056449,106.6395469,'71708','0932487394'),('c5ff27d8-bb7a-4759-a8b8-4dbb5bebaff6','Cầu vượt Sân bay Tân Sơn Nhất','chị','Cầu vượt Sân bay Tân Sơn Nhất, Phường 2, Tân Bình, Hồ Chí Minh 72108, Việt Nam',10.8132164,106.6647904,'72108','64646868'),('c7520150-7cde-468d-8fea-f954e60bf33b','Nguyễn Kiệm','Anh a','Nguyễn Kiệm, Phường 9, Phú Nhuận, Hồ Chí Minh 72216, Việt Nam',10.8091409,106.678469,'72216','0932487394'),('c78fe23d-e545-464f-a58f-06d0dae72be4','Nguyễn Kiệm','Anh a','Nguyễn Kiệm, Phường 9, Phú Nhuận, Hồ Chí Minh 72216, Việt Nam',10.80711965,106.6784531,'72216','0932487394'),('c95bce18-6979-4807-a574-4b4977466222','Nguyễn Kiệm','Anh a','Nguyễn Kiệm, Phường 9, Phú Nhuận, Hồ Chí Minh 72216, Việt Nam',10.8091409,106.678469,'72216','0932487394'),('ce11a346-fcc9-4967-b815-16e7bd590633',NULL,'Chị K','Ward 14, Vietnam',10.77244663,106.66117096,NULL,'0761348435'),('cff2fe83-3658-4bd4-ab72-a0ce533660ed','Đông Thạnh 2','Anh a','Đông Thạnh 2, Xã Đồng Thạnh, Huyện Hóc Môn, Ho Chi Minh City 71708, Vietnam',10.89849869,106.63000756,'71708','0932487394'),('d10031a0-2b43-4780-913e-da5ee1a3f653','Nguyễn Kiệm','Anh a','Nguyễn Kiệm, Phường 9, Phú Nhuận, Hồ Chí Minh 72216, Việt Nam',10.8091409,106.678469,'72216','0932487394'),('d2e160b9-5c36-4dc3-930a-a99cd928bd78','1849 Oak St','hskd','1849 Oak St, Alameda, CA 94501',37.770338,-122.240549,'94501','8467'),('d3db3725-0453-4baa-b653-f46026422a71','Nguyễn Kiệm','Anh a','Nguyễn Kiệm, Phường 9, Phú Nhuận, Hồ Chí Minh 72216, Việt Nam',10.80711965,106.6784531,'72216','0932487394'),('d996e0b4-ce46-43c4-99ff-a19a5150a048','Đông Thạnh 2','Anh a','Đông Thạnh 2 Xã Đồng Thạnh 71708 Ho Chi Minh City',0,0,'71708','0932487394'),('db1213c5-fdf5-43a1-aedc-84355a245856','Võ Văn Tần','Chi C','Võ Văn Tần, Võ Thị Sáu, Quận 3, Hồ Chí Minh 72407, Việt Nam',10.77523475,106.68906805,'72407','073506362'),('db42703d-0c1e-4982-b02f-dcf456dd28be','1 Đông Thạnh 4','Anh a','1, Đông Thạnh 4, Xã Đồng Thạnh, Huyện Hóc Môn, Ho Chi Minh City 71708, Vietnam',10.9056449,106.6395469,'71708','0932487394'),('e2eb22f7-f7f8-4107-af88-cf3975fa5111','1 Đông Thạnh 4','Anh a','1, Đông Thạnh 4, Xã Đồng Thạnh, Huyện Hóc Môn, Ho Chi Minh City 71708, Vietnam',10.9056449,106.6395469,'71708','0932487394'),('eb8cbb67-cf6f-4d54-a51e-1c0b170a55d0','Đông Thạnh 2','Anh k','Đông Thạnh 2, Xã Đồng Thạnh, Huyện Hóc Môn, Ho Chi Minh City 71708, Vietnam',10.89849869,106.63000756,'71708','0784519532'),('ecc0b485-4e39-4424-b552-8af1bc9b57d0','Nguyễn Kiệm','Anh a','Nguyễn Kiệm, Phường 9, Phú Nhuận, Hồ Chí Minh 72216, Việt Nam',10.8091409,106.678469,'72216','0932487394'),('ef23b28d-efa3-455f-8cc0-eaf012458b78','Nguyễn Kiệm','Anh a','Nguyễn Kiệm, Phường 9, Phú Nhuận, Hồ Chí Minh 72216, Việt Nam',10.8091409,106.678469,'72216','0932487394'),('efd7266b-2e9c-4494-bf9e-48bfaa6de707','1 Đông Thạnh 4','Anh a','1, Đông Thạnh 4, Xã Đồng Thạnh, Huyện Hóc Môn, Ho Chi Minh City 71708, Vietnam',10.9056449,106.6395469,'71708','0932487394'),('f7178af2-4f12-45b1-9007-aeb6cefc9bca','1 Đông Thạnh 4','Anh a','1, Đông Thạnh 4, Xã Đồng Thạnh, Huyện Hóc Môn, Ho Chi Minh City 71708, Vietnam',10.9056449,106.6395469,'71708','0932487394'),('f7b5bec9-7853-4b61-be2e-5648a47366f4','1 Đông Thạnh 4','Anh a','1, Đông Thạnh 4, Xã Đồng Thạnh, Huyện Hóc Môn, Ho Chi Minh City 71708, Vietnam',10.9056449,106.6395469,'71708','0932487394');
/*!40000 ALTER TABLE `location` ENABLE KEYS */;
UNLOCK TABLES;

--
-- Table structure for table `payment`
--

DROP TABLE IF EXISTS `payment`;
/*!40101 SET @saved_cs_client     = @@character_set_client */;
/*!50503 SET character_set_client = utf8mb4 */;
CREATE TABLE `payment` (
  `payment_id` varchar(255) COLLATE utf8mb4_vietnamese_ci NOT NULL,
  `is_poster_pay` bit(1) NOT NULL,
  `paid_at` datetime(6) DEFAULT NULL,
  `price` decimal(38,2) DEFAULT NULL,
  `payment_method_id` varchar(255) COLLATE utf8mb4_vietnamese_ci DEFAULT NULL,
  `post_id` varchar(255) COLLATE utf8mb4_vietnamese_ci DEFAULT NULL,
  PRIMARY KEY (`payment_id`),
  UNIQUE KEY `UK_lb4gnxqghaa6w5swrsj85yn06` (`post_id`),
  KEY `FKjii2n6db6cje3km5ybsbgo8cl` (`payment_method_id`),
  CONSTRAINT `FKf9sjrg0lgq3107csmvu7norq6` FOREIGN KEY (`post_id`) REFERENCES `post` (`post_id`),
  CONSTRAINT `FKjii2n6db6cje3km5ybsbgo8cl` FOREIGN KEY (`payment_method_id`) REFERENCES `payment_method` (`id`)
) ENGINE=InnoDB DEFAULT CHARSET=utf8mb4 COLLATE=utf8mb4_vietnamese_ci;
/*!40101 SET character_set_client = @saved_cs_client */;

--
-- Dumping data for table `payment`
--

LOCK TABLES `payment` WRITE;
/*!40000 ALTER TABLE `payment` DISABLE KEYS */;
INSERT INTO `payment` VALUES ('0007761d-d653-4d96-aa73-5b62adba2347',_binary '\0','2024-09-20 22:10:10.761399',201000.00,'1','b3d793b2-982b-4242-896e-86899dd4ff8e'),('05c1bda4-4ca0-4bec-b759-5df64d031a73',_binary '\0','2024-10-07 19:47:01.079185',78000.00,'2','24131216-7b40-425d-a6f3-cd318e92b168'),('07f22083-8bc7-4981-9224-1fef7cdd07e0',_binary '\0','2024-09-28 20:14:22.788442',206000.00,'2','68cf1e3f-e2fd-4aaa-bf6c-1c77763cea91'),('092856ac-9048-4d6a-9959-9415bea8b80f',_binary '\0','2024-09-29 00:04:21.974370',147000.00,'2','63744b75-37a0-4661-b45f-07f9d85e4309'),('1b2270b0-22d3-456d-a88f-1de94e4ec307',_binary '\0',NULL,83000.00,'1','df7f076b-be31-41aa-9c0f-085126dab3a7'),('1d41645b-43f9-41ae-970e-cb28095f2c5d',_binary '\0',NULL,110000.00,'1','f3f828a7-0a16-436d-857f-6d7d559df35f'),('2187242f-4d9b-4556-973c-c92956714bdf',_binary '\0','2024-10-07 21:54:53.090614',155000.00,'2','bff9ccb1-10cf-4935-a695-b2e6d6f0b4e3'),('244ff010-1de8-4965-b3ed-4d615b8806c6',_binary '\0','2024-10-06 19:41:57.033767',205000.00,'2','c128082d-47e1-4ba0-8ac8-396908a05962'),('30ee6218-069e-4403-bd7d-a537da984032',_binary '\0','2024-10-06 22:24:14.162839',221000.00,'2','7196de4f-cc2c-4c2a-89cf-3bc2121683f8'),('31494853-5863-4a7c-99db-c72c2732bfa9',_binary '\0','2024-10-07 22:30:05.798451',228000.00,'2','ef95d793-8b0e-4e9d-b425-8d11c5a7ab8b'),('360371fa-692a-44a8-82f6-7a6b28d162a3',_binary '\0','2024-10-06 23:03:26.331769',224000.00,'1','f0fbe3c9-b188-4ecb-a958-214a301720d4'),('3f2e1f3c-6d4e-45c5-af8c-e284e1431724',_binary '\0','2024-09-20 21:25:14.986634',87000.00,'1','22386cb9-1062-4fa9-8715-2a8d4841325d'),('4232588b-67ae-4237-8c70-e9c016a41d51',_binary '\0','2024-10-06 19:08:45.508485',172000.00,'1','93bc81d1-33f6-4f44-8f9c-ef1fa1becae7'),('49fab1c9-3c0a-4238-b7f8-05ec9688fdb2',_binary '\0','2024-10-06 23:21:55.435851',94000.00,'1','1d00a8ee-a465-46ea-9bcf-44f50604e297'),('4a89a398-5572-4c13-a5f9-bf5796271478',_binary '\0',NULL,221000.00,'1','b5103067-048e-4e9f-8398-f14ef777eaa5'),('4e2d566c-3579-488b-b219-913cfca0d49d',_binary '\0','2024-10-07 19:50:10.378628',160000.00,'2','c45f57b6-12ae-42fa-bcb7-730199d1434f'),('4fc8b21e-4857-4983-a3bc-5fef3ce22770',_binary '\0','2024-10-06 22:36:04.070754',184000.00,'2','1358a344-c671-4441-ae52-23683abec0b5'),('517d8f97-b634-4152-9ca0-18c534caaef9',_binary '\0',NULL,150000.00,'1','ef29f344-43ea-4444-a4db-e16ae17a7dd2'),('5f5a2998-54bf-4960-8fd1-504e960ebdd6',_binary '\0','2024-10-06 22:44:43.925655',152000.00,'2','85683b3d-f630-49fa-8f02-d881905b7314'),('67e45d8c-7801-45db-855e-0ecba91caf40',_binary '\0',NULL,115000.00,'1','5d737975-3754-405e-a9b8-61db4dab6b3e'),('716218c5-e911-4eb2-b047-acf149511166',_binary '\0','2024-10-07 22:41:52.563930',92000.00,'2','74ea0ade-b9e7-4a90-b599-01146c793d44'),('7735f7f2-bb24-48e4-9c0e-3f611b29157b',_binary '\0','2024-09-28 20:03:51.322513',206000.00,'2','757c34c7-ff1a-4173-83e2-6e09cd9ebb99'),('83ba9025-6b6f-4645-b7ed-67a07cb91a38',_binary '\0',NULL,58000.00,'1',NULL),('8607f7ff-97fb-4763-aabb-357603c7897b',_binary '\0','2024-10-07 22:13:22.036727',75000.00,'2','3ac3c551-e1e1-46a9-9080-0ab94dfe68be'),('8805ae6f-5a4f-4b1e-93bc-45dc926e16a7',_binary '\0','2024-10-05 23:32:09.366529',108000.00,'1','35400ccf-3d41-45f6-86e9-df9821978e52'),('89855d0a-c8b1-4c1b-8c58-e51944079ed8',_binary '\0','2024-10-07 22:01:04.401681',124000.00,'2','940e3c31-0b48-4c68-9ba6-d57edf6ca6de'),('8a2e70fe-ceb4-4e11-929a-a797302686af',_binary '\0','2024-06-12 22:42:15.143334',238000.00,'2','441d2777-d462-4d79-a054-28090266c21b'),('8e74285a-35be-4fc5-b602-94a1e9c64949',_binary '\0',NULL,78000.00,'1','b5459549-68b1-46f2-a0f0-8ecb6b4ae3fd'),('9423c319-15f2-49a2-a6c9-d3f8bf443ac7',_binary '\0',NULL,113000.00,'1','903d81b7-ec38-4d3c-96f3-e8a40d283025'),('9dea9fd8-e239-4f5e-8e95-545be0a41c16',_binary '\0','2024-10-07 19:45:06.926959',140000.00,'2','8d35f7b4-2ba9-4874-a107-7963280767eb'),('a35b2b47-688d-4019-82ae-fce6503f319c',_binary '\0','2024-09-20 21:30:47.998638',128000.00,'1','f914ee0c-30b3-4cf3-bbc6-c1286879f0e7'),('a5a55617-17ef-4c08-9c7c-c70373133207',_binary '\0',NULL,179000.00,'1','c8440358-cf96-45f1-84f7-03f11deb5052'),('a8d75e85-720a-4b09-a8ed-fe74795754b2',_binary '\0','2024-10-07 21:50:13.097354',54000.00,'2','bac3d3ca-652c-4d09-a160-dc289129af13'),('ac7d4a53-df3b-4b7a-8f3c-06c2ff60196e',_binary '\0',NULL,212000.00,'1','f37229ef-119d-4ceb-87ff-0c3dab64516f'),('afcaf958-ddf2-42ff-bc46-014abf6b50d2',_binary '\0','2024-10-07 22:27:07.928302',214000.00,'2','1ad065ed-8812-45a2-8dfb-ec45113e01c9'),('b06a3102-207d-4f04-9e28-c41c2fa5e4c6',_binary '\0',NULL,159000.00,'1','9cf4a6b1-5065-40c1-b800-6f544ab05945'),('b812a15e-e82b-429f-b4b3-0d5e0be08911',_binary '\0',NULL,167000.00,'1','65a6a02f-685d-4b4f-b758-2ce0a828a1d5'),('be8406f7-bac3-41e6-935b-bb4e8ebcfa03',_binary '\0','2024-10-06 19:44:30.508741',235000.00,'2','37b32070-0e2c-45a8-b193-8cd5f475a34b'),('c79b9af7-533f-4057-bbe6-3329a42f2c31',_binary '\0','2024-09-30 21:14:01.307267',97000.00,'1','aece29bf-3569-4648-a9cf-604e53d33e4d'),('d7ae2e2a-5838-4121-8fcc-efa09b53f638',_binary '\0','2024-10-06 21:27:40.023827',77000.00,'2','a1505c86-8b37-42e9-8d1a-67fb777851c3'),('d9124735-3c1c-47ec-8c81-b5ba566e5ad8',_binary '\0','2024-10-07 22:20:57.413226',84000.00,'2','712356cf-6f82-4364-b96a-311a2775016f'),('d9c9e85f-1d62-4a6c-b17c-66771a758401',_binary '\0','2024-10-06 22:20:34.951322',150000.00,'2','e93dfa3a-8421-48b7-9180-65f872433840'),('dada33fc-efc1-460a-a71b-f1d91f7463b5',_binary '\0','2024-10-06 22:15:21.090534',188000.00,'1','6e7eb08f-7ce9-4607-afc6-540d9da05ec2'),('ddfb1043-cc62-4c5b-8584-8ec4dc050727',_binary '\0',NULL,182000.00,'1','fb85c7bb-1539-41c7-b79d-d61d3163f8d2'),('e250a6b3-6e50-4cf0-b520-7e667c7228ed',_binary '\0',NULL,184000.00,'1','d8ab54d0-3806-4cc5-8469-ac75d4cc9016'),('e6314618-183c-4f4d-aed1-3e8783ea3a6c',_binary '\0','2024-10-08 20:15:43.200421',187000.00,'2','854567f5-ab6f-439d-a4c3-0c46c74962d3'),('ea652992-2071-46a7-8250-90cfa5369a2a',_binary '\0','2024-09-12 23:49:18.143334',187000.00,'1','8c7c64f7-e774-4348-b3c8-1b7e4106782b'),('ec4c933e-33c8-49f8-a69e-9ab133c2abbe',_binary '\0',NULL,238000.00,'1','149f0632-e5e1-4f0e-988d-c5c0d55f60ce'),('f682aa11-1e8e-4120-89d5-d8673859ca40',_binary '\0',NULL,125000.00,'2','91adb12b-fba4-4b7b-ad5f-f68d46c18ad2'),('f72021ff-925a-4454-8376-1e6524381d76',_binary '\0','2024-10-08 18:53:25.489538',214000.00,'2','3001f386-369b-43c4-a8ca-74550ee03992'),('f8ab7d6a-774f-41d7-b2fe-a7783a58ab0e',_binary '\0',NULL,109000.00,'1','c192a7d4-3653-4ef3-ab80-4b98ac403ece'),('f92388c0-50ff-44c2-88ee-231b794153ea',_binary '\0','2024-10-07 19:02:23.175749',109000.00,'1','47cf29e0-274b-45bc-9c0b-d87a030532c9'),('fb6c9a54-b667-4a95-80c0-6818663945a3',_binary '\0','2024-09-28 23:52:10.005681',153000.00,'2','9ae3b1e0-1538-4432-b512-3affde188aa0'),('fef0bb19-2986-4c71-bcf9-e6a20204ba0a',_binary '\0','2024-10-06 23:16:00.513311',224000.00,'1','997780a4-2447-468c-982c-fc4d60ba85a3');
/*!40000 ALTER TABLE `payment` ENABLE KEYS */;
UNLOCK TABLES;

--
-- Table structure for table `payment_method`
--

DROP TABLE IF EXISTS `payment_method`;
/*!40101 SET @saved_cs_client     = @@character_set_client */;
/*!50503 SET character_set_client = utf8mb4 */;
CREATE TABLE `payment_method` (
  `id` varchar(255) COLLATE utf8mb4_vietnamese_ci NOT NULL,
  `name` varchar(255) COLLATE utf8mb4_vietnamese_ci DEFAULT NULL,
  PRIMARY KEY (`id`)
) ENGINE=InnoDB DEFAULT CHARSET=utf8mb4 COLLATE=utf8mb4_vietnamese_ci;
/*!40101 SET character_set_client = @saved_cs_client */;

--
-- Dumping data for table `payment_method`
--

LOCK TABLES `payment_method` WRITE;
/*!40000 ALTER TABLE `payment_method` DISABLE KEYS */;
INSERT INTO `payment_method` VALUES ('1','Tiền Mặt'),('2','Vn Pay');
/*!40000 ALTER TABLE `payment_method` ENABLE KEYS */;
UNLOCK TABLES;

--
-- Table structure for table `permission`
--

DROP TABLE IF EXISTS `permission`;
/*!40101 SET @saved_cs_client     = @@character_set_client */;
/*!50503 SET character_set_client = utf8mb4 */;
CREATE TABLE `permission` (
  `name` varchar(255) COLLATE utf8mb4_vietnamese_ci NOT NULL,
  `description` varchar(255) COLLATE utf8mb4_vietnamese_ci DEFAULT NULL,
  PRIMARY KEY (`name`)
) ENGINE=InnoDB DEFAULT CHARSET=utf8mb4 COLLATE=utf8mb4_vietnamese_ci;
/*!40101 SET character_set_client = @saved_cs_client */;

--
-- Dumping data for table `permission`
--

LOCK TABLES `permission` WRITE;
/*!40000 ALTER TABLE `permission` DISABLE KEYS */;
INSERT INTO `permission` VALUES ('CREATE_POST','Create a post'),('REJECT_POST','Reject a post');
/*!40000 ALTER TABLE `permission` ENABLE KEYS */;
UNLOCK TABLES;

--
-- Table structure for table `post`
--

DROP TABLE IF EXISTS `post`;
/*!40101 SET @saved_cs_client     = @@character_set_client */;
/*!50503 SET character_set_client = utf8mb4 */;
CREATE TABLE `post` (
  `post_id` varchar(255) COLLATE utf8mb4_vietnamese_ci NOT NULL,
  `description` varchar(255) COLLATE utf8mb4_vietnamese_ci DEFAULT NULL,
  `drop_date_time` datetime(6) DEFAULT NULL,
  `pickup_datetime` datetime(6) DEFAULT NULL,
  `post_time` datetime(6) DEFAULT NULL,
  `request_type` varchar(255) COLLATE utf8mb4_vietnamese_ci DEFAULT NULL,
  `status` enum('PENDING','WAITING_PAY','SHIPPED','DELIVERED','CANCELLED','FOUND_SHIPPER','CONFIRM_WITH_CUSTOMER') COLLATE utf8mb4_vietnamese_ci DEFAULT NULL,
  `drop_location` varchar(255) COLLATE utf8mb4_vietnamese_ci NOT NULL,
  `pickup_location` varchar(255) COLLATE utf8mb4_vietnamese_ci DEFAULT NULL,
  `product_id` varchar(255) COLLATE utf8mb4_vietnamese_ci DEFAULT NULL,
  `shipper_id` varchar(255) COLLATE utf8mb4_vietnamese_ci DEFAULT NULL,
  `user_id` varchar(255) COLLATE utf8mb4_vietnamese_ci DEFAULT NULL,
  `vehicle_id` varchar(255) COLLATE utf8mb4_vietnamese_ci DEFAULT NULL,
  `payment_id` varchar(255) COLLATE utf8mb4_vietnamese_ci DEFAULT NULL,
  PRIMARY KEY (`post_id`),
  UNIQUE KEY `UK_2nlqp9iekh0n0yl7exiwg3ymc` (`drop_location`),
  UNIQUE KEY `UK_742wj4n8kjftmei97161s4r0b` (`pickup_location`),
  UNIQUE KEY `UK_ivvqnbbvok6kcc4bw46w5l1uy` (`product_id`),
  UNIQUE KEY `UK_8626croravlgt5x88thcutc4f` (`payment_id`),
  KEY `FKrdmcxb5bwjc6vwapem9wo6f3h` (`shipper_id`),
  KEY `FK72mt33dhhs48hf9gcqrq4fxte` (`user_id`),
  KEY `FKr5ckkqvmt0ngxclt0uqhx77dt` (`vehicle_id`),
  CONSTRAINT `FK72mt33dhhs48hf9gcqrq4fxte` FOREIGN KEY (`user_id`) REFERENCES `user` (`user_id`),
  CONSTRAINT `FKcahkejahqlhwajey9ee2c10t4` FOREIGN KEY (`drop_location`) REFERENCES `location` (`location_id`),
  CONSTRAINT `FKeo67w7gv5mo2q1jgrd2vqjh3m` FOREIGN KEY (`payment_id`) REFERENCES `payment` (`payment_id`),
  CONSTRAINT `FKftoyffkwxvpplkysgbs77ftvi` FOREIGN KEY (`product_id`) REFERENCES `product` (`product_id`),
  CONSTRAINT `FKr5ckkqvmt0ngxclt0uqhx77dt` FOREIGN KEY (`vehicle_id`) REFERENCES `vehicle` (`vehicle_id`),
  CONSTRAINT `FKrdmcxb5bwjc6vwapem9wo6f3h` FOREIGN KEY (`shipper_id`) REFERENCES `shipper` (`shipper_id`),
  CONSTRAINT `FKt3uv9td6f8ber7mn30040lqdv` FOREIGN KEY (`pickup_location`) REFERENCES `location` (`location_id`)
) ENGINE=InnoDB DEFAULT CHARSET=utf8mb4 COLLATE=utf8mb4_vietnamese_ci;
/*!40101 SET character_set_client = @saved_cs_client */;

--
-- Dumping data for table `post`
--

LOCK TABLES `post` WRITE;
/*!40000 ALTER TABLE `post` DISABLE KEYS */;
INSERT INTO `post` VALUES ('1358a344-c671-4441-ae52-23683abec0b5',NULL,'2024-10-06 22:38:24.200279','2024-10-06 22:36:37.300692','2024-10-06 22:35:22.995392','Now','DELIVERED','7fbf7651-06e4-4400-930c-a819216051ab','18a0c482-3fd9-4b91-bdb4-a5e89d7c98fd','624269b3-1e51-4b3e-98ac-436d26267554',NULL,'33729b78-807f-4b26-9c68-4f29a1a31759','2','4fc8b21e-4857-4983-a3bc-5fef3ce22770'),('149f0632-e5e1-4f0e-988d-c5c0d55f60ce',NULL,'2024-10-07 21:45:40.598762','2024-10-07 21:45:17.416439','2024-10-07 21:44:38.893381','Now','DELIVERED','3866cb9c-f27c-4887-8ce2-20771dff03a8','88b1febb-1b5a-4238-8416-a6e4e169a0a4','73ae454b-16f1-4723-88df-98e70d7c4a21',NULL,'33729b78-807f-4b26-9c68-4f29a1a31759','2','ec4c933e-33c8-49f8-a69e-9ab133c2abbe'),('1ad065ed-8812-45a2-8dfb-ec45113e01c9',NULL,NULL,NULL,'2024-10-07 22:26:20.632666','Now','PENDING','c95bce18-6979-4807-a574-4b4977466222','21d2bc44-9c7a-4a7a-8df4-669ce316f41a','524652f2-6666-43c6-bb5d-32e722415e4e',NULL,'33729b78-807f-4b26-9c68-4f29a1a31759','3','afcaf958-ddf2-42ff-bc46-014abf6b50d2'),('1d00a8ee-a465-46ea-9bcf-44f50604e297',NULL,'2024-10-06 23:21:47.241607','2024-10-06 23:21:24.684780','2024-10-06 23:20:14.690114','Now','DELIVERED','867eea22-25cd-46b8-8bd2-1d5e2f7834b5','1b8eb0ec-fabb-4e6e-ae0c-bdfd821404a4','6cfdc0f3-1e8e-4990-a68a-4b30a37f167f',NULL,'33729b78-807f-4b26-9c68-4f29a1a31759','3','49fab1c9-3c0a-4238-b7f8-05ec9688fdb2'),('22386cb9-1062-4fa9-8715-2a8d4841325d',NULL,'2024-09-20 21:24:54.102679','2024-09-20 21:23:25.411412','2024-09-19 20:45:52.793357','Now','DELIVERED','0649694b-2969-4253-bca4-eff3a249246f','c0215ca8-1b15-458c-a2aa-815ccc6dd005','98007235-de31-4f16-9ee4-0ff1f2234953',NULL,'33729b78-807f-4b26-9c68-4f29a1a31759','3','3f2e1f3c-6d4e-45c5-af8c-e284e1431724'),('24131216-7b40-425d-a6f3-cd318e92b168',NULL,NULL,NULL,'2024-10-07 19:46:43.170723','Now','FOUND_SHIPPER','57fc5dd7-f2df-430c-969a-787653e9c31e','a5a2bee5-f419-4d91-840d-c4bfeb82d6c1','e9384049-d10f-4247-b835-6585cbe6a136',NULL,'33729b78-807f-4b26-9c68-4f29a1a31759','2','05c1bda4-4ca0-4bec-b759-5df64d031a73'),('3001f386-369b-43c4-a8ca-74550ee03992',NULL,'2024-10-08 18:55:45.269035','2024-10-08 18:55:05.970786','2024-10-08 18:52:58.066655','Now','DELIVERED','c78fe23d-e545-464f-a58f-06d0dae72be4','b9ddaaed-4136-4586-8dab-fcaa0f5711cc','2ef3a0ae-aac1-4be5-bad7-be15d3a8d7a6',NULL,'33729b78-807f-4b26-9c68-4f29a1a31759','3','f72021ff-925a-4454-8376-1e6524381d76'),('35400ccf-3d41-45f6-86e9-df9821978e52',NULL,'2024-10-05 23:26:20.093551','2024-10-05 23:25:54.742754','2024-10-05 23:22:25.556881','Now','DELIVERED','9e9531f4-ebf8-438f-a66b-1f6bf37659e2','72d549a6-ccbb-45e9-a8a2-3ecf0a0eed40','6107863a-5397-4c38-ba21-ab8754b54c6a',NULL,'33729b78-807f-4b26-9c68-4f29a1a31759','3','8805ae6f-5a4f-4b1e-93bc-45dc926e16a7'),('37b32070-0e2c-45a8-b193-8cd5f475a34b',NULL,NULL,NULL,'2024-10-06 19:44:05.007784','Now','FOUND_SHIPPER','30f42e47-2413-42f1-83bd-4600a7a5918d','01046c5f-fe10-4d69-bb97-30f06faed6e4','60b8db8f-e784-4a5b-b8a0-508fe13ec9d0',NULL,'33729b78-807f-4b26-9c68-4f29a1a31759','3','be8406f7-bac3-41e6-935b-bb4e8ebcfa03'),('3ac3c551-e1e1-46a9-9080-0ab94dfe68be',NULL,NULL,NULL,'2024-10-07 22:12:51.478624','Now','PENDING','079ce847-c6ed-43cc-a108-dfcb561b1a94','8e5c19de-f25c-4e46-a662-cba8e14a426b','7db3fc68-af47-47b1-9195-92bbeef634a8',NULL,'33729b78-807f-4b26-9c68-4f29a1a31759','3','8607f7ff-97fb-4763-aabb-357603c7897b'),('441d2777-d462-4d79-a054-28090266c21b',NULL,NULL,'2024-09-07 12:42:15.143334','2024-08-25 21:20:52.278788','Now','DELIVERED','7706bf5c-a8a1-4a0f-aab7-c01df79dc9ee','926a7891-954c-41e8-bfe3-dbfdcd940f90','8ec506b7-c5a8-4b44-8764-81b258a2e98e',NULL,'33729b78-807f-4b26-9c68-4f29a1a31759',NULL,'8a2e70fe-ceb4-4e11-929a-a797302686af'),('47cf29e0-274b-45bc-9c0b-d87a030532c9',NULL,'2024-10-07 19:02:12.159778','2024-10-07 19:01:38.245350','2024-10-07 19:00:49.342224','Now','DELIVERED','1df416ff-633e-4a01-ba3b-dc4b3df37b52','202ebf4b-6c90-4c59-9cdd-b7b8edba1f32','641ad2ab-cf9a-4c7c-895f-5ffe196111d9',NULL,'33729b78-807f-4b26-9c68-4f29a1a31759','3','f92388c0-50ff-44c2-88ee-231b794153ea'),('5d737975-3754-405e-a9b8-61db4dab6b3e',NULL,NULL,NULL,'2024-10-05 19:15:32.032975','Now','FOUND_SHIPPER','b1c32b33-c747-4a7d-b514-e0a94f122c5a','9219b408-bd6f-4621-8ddf-98b4c6fa453d','27044521-ffbb-4bcb-89a6-a06c694976f1',NULL,'33729b78-807f-4b26-9c68-4f29a1a31759','3','67e45d8c-7801-45db-855e-0ecba91caf40'),('63744b75-37a0-4661-b45f-07f9d85e4309',NULL,'2024-09-30 21:22:40.877108','2024-09-30 21:22:20.315979','2024-09-28 19:58:51.825652','Now','DELIVERED','ce11a346-fcc9-4967-b815-16e7bd590633','3571cdf8-d056-4885-a013-cb1d1e76efa0','b8d5d8eb-fb44-41ba-bad5-8c58f4bb9118',NULL,'33729b78-807f-4b26-9c68-4f29a1a31759','3','092856ac-9048-4d6a-9959-9415bea8b80f'),('65a6a02f-685d-4b4f-b758-2ce0a828a1d5',NULL,NULL,'2024-10-06 22:51:17.356583','2024-10-06 22:50:24.538881','Now','SHIPPED','292bd9cc-c075-4a54-a482-429a83acd512','efd7266b-2e9c-4494-bf9e-48bfaa6de707','6220037e-2aa9-40f2-9922-a356773bf2ba',NULL,'33729b78-807f-4b26-9c68-4f29a1a31759','2','b812a15e-e82b-429f-b4b3-0d5e0be08911'),('68cf1e3f-e2fd-4aaa-bf6c-1c77763cea91',NULL,NULL,NULL,'2024-09-28 20:01:16.694120','Now','PENDING','d2e160b9-5c36-4dc3-930a-a99cd928bd78','96589ed5-9d16-4f95-88d6-f8327479cd2a','f55d8825-833b-4263-a8ce-67413f6767ad',NULL,'33729b78-807f-4b26-9c68-4f29a1a31759','3','07f22083-8bc7-4981-9224-1fef7cdd07e0'),('6e7eb08f-7ce9-4607-afc6-540d9da05ec2',NULL,'2024-10-06 22:14:38.555147','2024-10-06 22:12:16.315454','2024-10-06 22:08:17.041133','Now','DELIVERED','8b9d84f7-1507-4638-9f98-f9d3d38f01ae','43178c08-f3d9-4a10-ab91-3f97c6a41fae','e6d65808-7cc5-4899-bb86-85755d9738c3',NULL,'33729b78-807f-4b26-9c68-4f29a1a31759','3','dada33fc-efc1-460a-a71b-f1d91f7463b5'),('712356cf-6f82-4364-b96a-311a2775016f',NULL,NULL,NULL,'2024-10-07 22:20:34.536661','Now','PENDING','b96cbb04-103b-4b8c-97dc-4eba98155e8f','f7b5bec9-7853-4b61-be2e-5648a47366f4','f349e88c-8c3f-4f0f-b495-2c3f448acde0',NULL,'33729b78-807f-4b26-9c68-4f29a1a31759','3','d9124735-3c1c-47ec-8c81-b5ba566e5ad8'),('7196de4f-cc2c-4c2a-89cf-3bc2121683f8',NULL,'2024-10-06 22:25:27.941384','2024-10-06 22:25:05.943244','2024-10-06 22:23:46.652963','Now','DELIVERED','1b51525d-5a87-4135-bf7e-c87c5c9bd718','2b9cdb61-5058-4540-ba71-2a5704986228','91b95abc-1f79-4003-8289-0c9b517197df',NULL,'33729b78-807f-4b26-9c68-4f29a1a31759','3','30ee6218-069e-4403-bd7d-a537da984032'),('74ea0ade-b9e7-4a90-b599-01146c793d44',NULL,'2024-10-07 22:43:02.834037','2024-10-07 22:42:40.055316','2024-10-06 19:27:19.076641','Now','DELIVERED','5f6774d0-97a8-4252-85a6-e0aa5454ff45','20de2e6e-c924-49c9-94bd-322f249c1074','0df2307b-33e2-4485-be12-c641dafd1b8f',NULL,'33729b78-807f-4b26-9c68-4f29a1a31759','3','716218c5-e911-4eb2-b047-acf149511166'),('757c34c7-ff1a-4173-83e2-6e09cd9ebb99',NULL,NULL,NULL,'2024-09-28 20:02:23.767673','Now','PENDING','23532cb6-3ecb-4199-93e5-919c2077c344','73cd11ee-b8ba-45a3-b29a-d20fdfe8391b','beb803fd-75ec-4ac7-9c23-d7c616a64af0',NULL,'33729b78-807f-4b26-9c68-4f29a1a31759','3','7735f7f2-bb24-48e4-9c0e-3f611b29157b'),('854567f5-ab6f-439d-a4c3-0c46c74962d3',NULL,NULL,NULL,'2024-10-08 20:15:03.217053','Now','PENDING','d3db3725-0453-4baa-b653-f46026422a71','31976f5d-8980-427a-a6a9-66abc23b774b','f80aa3ab-2ea9-45a3-9595-2df15a6e1c61',NULL,'33729b78-807f-4b26-9c68-4f29a1a31759','3','e6314618-183c-4f4d-aed1-3e8783ea3a6c'),('85683b3d-f630-49fa-8f02-d881905b7314',NULL,NULL,'2024-10-06 23:03:58.063098','2024-10-06 22:44:21.563414','Now','SHIPPED','b465f46f-aa69-46b1-bdd3-5d8deb1c7df7','c2e2f088-6839-4059-b26f-205a596bd483','15830e12-2976-46b9-81d3-3c2d8377921b',NULL,'33729b78-807f-4b26-9c68-4f29a1a31759','3','5f5a2998-54bf-4960-8fd1-504e960ebdd6'),('8c7c64f7-e774-4348-b3c8-1b7e4106782b',NULL,NULL,'2024-09-07 12:42:15.143334','2024-09-07 12:42:15.143334','Now','DELIVERED','db1213c5-fdf5-43a1-aedc-84355a245856','b2b73d50-0ca4-4c5a-bff8-5f72fc41067a','553e164a-3e61-4c29-82a9-133f23d7af72',NULL,'33729b78-807f-4b26-9c68-4f29a1a31759','3','ea652992-2071-46a7-8250-90cfa5369a2a'),('8d35f7b4-2ba9-4874-a107-7963280767eb',NULL,NULL,NULL,'2024-10-07 19:44:34.655347','Now','PENDING','c006343d-47ce-407b-b89d-2eb973cfb55f','a7aabc86-9fb8-459c-a0f0-157f1b13088a','e1d54cff-8bb5-4656-990e-e5ffa63230f3',NULL,'33729b78-807f-4b26-9c68-4f29a1a31759','3','9dea9fd8-e239-4f5e-8e95-545be0a41c16'),('903d81b7-ec38-4d3c-96f3-e8a40d283025',NULL,'2024-10-05 19:19:04.881050','2024-10-05 19:18:29.334781','2024-09-27 22:17:38.477508','Now','DELIVERED','1c4f7e29-e79e-46bd-8e08-3f00e722d21b','b50fca32-be42-4090-8d2f-21fadc662d7e','93f6f4b7-1a29-429d-bb34-c79be1332c77',NULL,'33729b78-807f-4b26-9c68-4f29a1a31759','3','9423c319-15f2-49a2-a6c9-d3f8bf443ac7'),('91adb12b-fba4-4b7b-ad5f-f68d46c18ad2',NULL,NULL,NULL,'2024-10-07 22:36:51.438049','Now','WAITING_PAY','ecc0b485-4e39-4424-b552-8af1bc9b57d0','db42703d-0c1e-4982-b02f-dcf456dd28be','070973fc-edf5-4386-b936-55eb44a480a4',NULL,'33729b78-807f-4b26-9c68-4f29a1a31759','3','f682aa11-1e8e-4120-89d5-d8673859ca40'),('93bc81d1-33f6-4f44-8f9c-ef1fa1becae7',NULL,'2024-10-06 19:08:33.511006','2024-10-06 19:07:37.077163','2024-10-06 19:06:46.840993','Now','DELIVERED','03723dc2-b762-4f1f-a6e6-73dad69411ce','8b8f6292-bf28-442e-9c53-828a435d966d','29211ad6-b980-478c-a3a6-b0293f557681',NULL,'33729b78-807f-4b26-9c68-4f29a1a31759','2','4232588b-67ae-4237-8c70-e9c016a41d51'),('940e3c31-0b48-4c68-9ba6-d57edf6ca6de',NULL,NULL,NULL,'2024-10-07 22:00:43.611019','Now','PENDING','263ed91f-17b1-47a8-a0b8-74e261cdbdd0','372fdf79-0328-4489-a219-1624898323fb','8d05224b-478c-4fdd-83b8-9ce7df6704bc',NULL,'33729b78-807f-4b26-9c68-4f29a1a31759','2','89855d0a-c8b1-4c1b-8c58-e51944079ed8'),('997780a4-2447-468c-982c-fc4d60ba85a3',NULL,'2024-10-06 23:15:22.062608','2024-10-06 23:14:54.933518','2024-10-06 23:14:17.635270','Now','DELIVERED','a504664a-9383-45d2-8b63-e588755806df','f7178af2-4f12-45b1-9007-aeb6cefc9bca','5b4be8e4-18a2-474b-b66a-a8b71013149c',NULL,'33729b78-807f-4b26-9c68-4f29a1a31759','3','fef0bb19-2986-4c71-bcf9-e6a20204ba0a'),('9ae3b1e0-1538-4432-b512-3affde188aa0',NULL,'2024-09-30 21:47:46.693816','2024-09-30 21:46:54.819458','2024-09-28 23:50:30.248748','Now','DELIVERED','c5ff27d8-bb7a-4759-a8b8-4dbb5bebaff6','04a7cfd7-5418-43ce-9d80-513115a23a29','a0937175-416d-4290-a9d3-594af72a5d60',NULL,'33729b78-807f-4b26-9c68-4f29a1a31759','3','fb6c9a54-b667-4a95-80c0-6818663945a3'),('9cf4a6b1-5065-40c1-b800-6f544ab05945',NULL,NULL,NULL,'2024-10-07 21:32:33.077508','Now','FOUND_SHIPPER','d10031a0-2b43-4780-913e-da5ee1a3f653','986bed9a-40ae-47d5-8e85-f964b260999a','b2eb0631-df78-412e-82ea-0377476ba969',NULL,'33729b78-807f-4b26-9c68-4f29a1a31759','3','b06a3102-207d-4f04-9e28-c41c2fa5e4c6'),('a1505c86-8b37-42e9-8d1a-67fb777851c3',NULL,'2024-10-06 21:31:43.682394','2024-10-06 21:28:31.790577','2024-10-06 21:27:10.418802','Now','DELIVERED','b3d55685-5860-4ebb-9c2b-aa4b0911f49d','68dce64e-f834-43b0-9cd0-7b7598612af1','4ea2ac58-fbd8-4222-9acc-7300ba1adcc8',NULL,'33729b78-807f-4b26-9c68-4f29a1a31759','3','d7ae2e2a-5838-4121-8fcc-efa09b53f638'),('aece29bf-3569-4648-a9cf-604e53d33e4d',NULL,'2024-09-30 21:13:12.734737','2024-09-30 21:12:34.334231','2024-09-27 22:20:06.092285','Now','DELIVERED','20eab61d-2634-4385-93b6-85ee645e442e','3b1056c4-6d91-4241-a545-3c8e5ec2823e','c7b9988b-32ae-4ad8-ad1c-f851c4e831ef',NULL,'33729b78-807f-4b26-9c68-4f29a1a31759','3','c79b9af7-533f-4057-bbe6-3329a42f2c31'),('b3d793b2-982b-4242-896e-86899dd4ff8e',NULL,'2024-09-20 22:08:26.336509','2024-09-20 22:06:25.603229','2024-09-20 21:32:51.216897','Now','DELIVERED','822f282f-d0bb-41ab-88fc-d4f80d784d5d','46543ef6-b5b3-46d6-8560-8c45a8fe0250','7c3462a1-31e8-41c9-a608-c56b767f1f02',NULL,'33729b78-807f-4b26-9c68-4f29a1a31759','3','0007761d-d653-4d96-aa73-5b62adba2347'),('b5103067-048e-4e9f-8398-f14ef777eaa5',NULL,NULL,NULL,'2024-10-06 19:01:20.071296','Now','PENDING','1b075df3-0f84-459e-b4fb-57a7908a2336','eb8cbb67-cf6f-4d54-a51e-1c0b170a55d0','d9818c33-6006-4b86-bcf9-478b4c684fd3',NULL,'33729b78-807f-4b26-9c68-4f29a1a31759','3','4a89a398-5572-4c13-a5f9-bf5796271478'),('b5459549-68b1-46f2-a0f0-8ecb6b4ae3fd',NULL,'2024-09-20 22:37:54.373557','2024-09-20 22:34:54.296794','2024-09-20 22:30:28.856070','Now','DELIVERED','1b1de1da-3535-489c-9517-33d3c2056b3a','8952ae27-19c7-4e4f-9211-fb444bdbc270','229689a7-8ef1-4ab2-9e8f-43b96e53f0cf',NULL,'33729b78-807f-4b26-9c68-4f29a1a31759','2','8e74285a-35be-4fc5-b602-94a1e9c64949'),('bac3d3ca-652c-4d09-a160-dc289129af13',NULL,NULL,NULL,'2024-10-07 21:49:46.451435','Now','PENDING','8d450b18-3eb6-4a9d-8217-c7555f46b52b','50532876-9280-42af-b782-1cab5e4c325b','59fc0c08-d391-43e9-86f4-e573b749fddc',NULL,'33729b78-807f-4b26-9c68-4f29a1a31759','3','a8d75e85-720a-4b09-a8ed-fe74795754b2'),('bff9ccb1-10cf-4935-a695-b2e6d6f0b4e3',NULL,'2024-10-07 21:55:51.711513','2024-10-07 21:55:22.711711','2024-10-07 21:54:31.564039','Now','DELIVERED','16a0fab7-07df-4bf4-b3df-f75172b61b0d','6316a26c-72c6-4e40-83f7-21aa68c09e54','68223628-cc9d-4539-a61b-6a634fc8bc69',NULL,'33729b78-807f-4b26-9c68-4f29a1a31759','3','2187242f-4d9b-4556-973c-c92956714bdf'),('c128082d-47e1-4ba0-8ac8-396908a05962',NULL,NULL,NULL,'2024-10-06 19:40:33.049449','Now','FOUND_SHIPPER','29ada5cb-c505-46ac-bee6-ed61bda40d49','cff2fe83-3658-4bd4-ab72-a0ce533660ed','8b268214-8f6a-4b9a-99e8-ad2d1db61a6a',NULL,'33729b78-807f-4b26-9c68-4f29a1a31759','3','244ff010-1de8-4965-b3ed-4d615b8806c6'),('c192a7d4-3653-4ef3-ab80-4b98ac403ece',NULL,'2024-09-16 22:10:11.101098','2024-09-16 22:09:31.123586','2024-09-16 21:51:52.149653','Now','DELIVERED','681b9bf2-f0dc-43ac-9e3e-3882075c75fe','9ce94987-b63e-48ea-90ef-6c350650afae','1a6640a7-31cc-4325-bb54-5ba5e1b9866f',NULL,'33729b78-807f-4b26-9c68-4f29a1a31759','3','f8ab7d6a-774f-41d7-b2fe-a7783a58ab0e'),('c45f57b6-12ae-42fa-bcb7-730199d1434f',NULL,NULL,NULL,'2024-10-07 19:49:51.396599','Now','FOUND_SHIPPER','ef23b28d-efa3-455f-8cc0-eaf012458b78','202d004a-588f-4db4-bb1e-d44fca6975df','3c35a355-b808-48c4-a104-7ba9937a3e31',NULL,'33729b78-807f-4b26-9c68-4f29a1a31759','3','4e2d566c-3579-488b-b219-913cfca0d49d'),('c8440358-cf96-45f1-84f7-03f11deb5052',NULL,NULL,NULL,'2024-10-07 21:23:52.913596','Now','PENDING','5bb187e5-5ddf-4b62-a19b-b2d9c9d27524','282073b9-09ed-412f-946a-1d514d90a73b','8c88a04e-3a2c-4c0c-9292-2500981d1004',NULL,'33729b78-807f-4b26-9c68-4f29a1a31759','3','a5a55617-17ef-4c08-9c7c-c70373133207'),('d8ab54d0-3806-4cc5-8469-ac75d4cc9016',NULL,'2024-09-20 22:24:19.742032','2024-09-20 22:23:23.828716','2024-09-20 22:21:57.086826','Now','DELIVERED','9f1b8575-4442-4686-a4ad-3901a691fd39','4bebcc2f-878b-4565-a5ee-4753d3925d2e','50b30090-49b1-4ffa-abde-54f21e3cd3e3',NULL,'33729b78-807f-4b26-9c68-4f29a1a31759','3','e250a6b3-6e50-4cf0-b520-7e667c7228ed'),('df7f076b-be31-41aa-9c0f-085126dab3a7',NULL,NULL,NULL,'2024-10-07 21:21:07.203820','Now','PENDING','7293c0bf-5a95-437b-9b1e-867a1b83f089','40cd2966-0f5e-4d72-9d2a-26202861e816','66226d3d-5b1b-46fb-a4a6-e2181dcbd833',NULL,'33729b78-807f-4b26-9c68-4f29a1a31759','3','1b2270b0-22d3-456d-a88f-1de94e4ec307'),('e93dfa3a-8421-48b7-9180-65f872433840',NULL,NULL,NULL,'2024-10-06 22:19:56.212194','Now','PENDING','ad24e1ab-8536-416f-bbde-9724eaa0dcc6','d996e0b4-ce46-43c4-99ff-a19a5150a048','e66e38a8-5867-4b6b-b145-ae626c246d99',NULL,'33729b78-807f-4b26-9c68-4f29a1a31759','2','d9c9e85f-1d62-4a6c-b17c-66771a758401'),('ef29f344-43ea-4444-a4db-e16ae17a7dd2',NULL,NULL,NULL,'2024-10-07 21:40:03.070452','Now','FOUND_SHIPPER','c022f4d0-db41-49d1-be91-b7092a885ec0','81f4185a-dce7-4fdb-8c7e-c1171fdc7eed','5626f6b4-16dc-4ea1-98a9-c89ec624444c',NULL,'33729b78-807f-4b26-9c68-4f29a1a31759','2','517d8f97-b634-4152-9ca0-18c534caaef9'),('ef95d793-8b0e-4e9d-b425-8d11c5a7ab8b',NULL,'2024-10-07 22:31:13.217435','2024-10-07 22:30:44.566330','2024-10-07 22:29:30.520106','Now','DELIVERED','c7520150-7cde-468d-8fea-f954e60bf33b','e2eb22f7-f7f8-4107-af88-cf3975fa5111','8e3cc60c-7c70-4d45-bd81-26df13e293ac',NULL,'33729b78-807f-4b26-9c68-4f29a1a31759','3','31494853-5863-4a7c-99db-c72c2732bfa9'),('f0fbe3c9-b188-4ecb-a958-214a301720d4',NULL,'2024-10-06 23:03:03.218313','2024-10-06 23:01:54.379686','2024-10-06 23:00:11.759585','Now','DELIVERED','4f4eed4c-45c1-4bf4-a4de-8558ac447a58','bff3d9a2-caa8-4140-baf0-83ea935fc1b0','61718203-38e6-4ddf-b5a5-56f77e80f9df',NULL,'33729b78-807f-4b26-9c68-4f29a1a31759','3','360371fa-692a-44a8-82f6-7a6b28d162a3'),('f37229ef-119d-4ceb-87ff-0c3dab64516f','Hàng dễ vỡ','2024-09-15 15:45:47.240535','2024-09-15 15:43:03.693112','2024-09-14 19:51:08.504599','Now','DELIVERED','1a327560-af27-4563-8e73-1532e8f51963','2a569825-37a2-4056-942c-5db50aa768f4','75ea3b63-3e89-4e5f-92f5-ad00c411ed79',NULL,'33729b78-807f-4b26-9c68-4f29a1a31759','4','ac7d4a53-df3b-4b7a-8f3c-06c2ff60196e'),('f3f828a7-0a16-436d-857f-6d7d559df35f',NULL,NULL,'2024-10-06 23:10:01.622618','2024-10-06 23:09:26.529375','Now','SHIPPED','197a2222-70e8-461a-afbc-d0655f44ca0d','a094b23c-6368-45d1-a008-4effc87a339d','b49dd0a5-7649-4d7a-b47e-c5ffd7305d46',NULL,'33729b78-807f-4b26-9c68-4f29a1a31759','2','1d41645b-43f9-41ae-970e-cb28095f2c5d'),('f914ee0c-30b3-4cf3-bbc6-c1286879f0e7',NULL,'2024-09-20 21:28:22.946378','2024-09-20 21:27:26.454657','2024-09-17 20:44:40.121638','Now','DELIVERED','4f95f048-2c29-4ac7-8ef8-1812603bbe09','06aff35f-e8d1-4014-ad23-406919f46f80','db260572-0b3c-44f7-aa39-902a711c0421',NULL,'33729b78-807f-4b26-9c68-4f29a1a31759','3','a35b2b47-688d-4019-82ae-fce6503f319c'),('fb85c7bb-1539-41c7-b79d-d61d3163f8d2',NULL,NULL,NULL,'2024-10-06 23:07:03.821281','Now','FOUND_SHIPPER','8056bb55-cef6-4077-8580-bd884866a898','40189b5b-e38d-4edc-bf7b-9ac87aa01f1b','14d392a6-3c36-4972-a57a-674d7956b16f',NULL,'33729b78-807f-4b26-9c68-4f29a1a31759','3','ddfb1043-cc62-4c5b-8584-8ec4dc050727');
/*!40000 ALTER TABLE `post` ENABLE KEYS */;
UNLOCK TABLES;

--
-- Table structure for table `post_history`
--

DROP TABLE IF EXISTS `post_history`;
/*!40101 SET @saved_cs_client     = @@character_set_client */;
/*!50503 SET character_set_client = utf8mb4 */;
CREATE TABLE `post_history` (
  `post_history_id` varchar(255) COLLATE utf8mb4_vietnamese_ci NOT NULL,
  `status` enum('PENDING','COLLECTED_CASH','PAID_BY_VNPAY','FOUND_SHIPPER','CONFIRM_WITH_CUSTOMER','SHIPPED','DELIVERED','CANCELLED') COLLATE utf8mb4_vietnamese_ci DEFAULT NULL,
  `status_change_date` datetime(6) DEFAULT NULL,
  `post_id` varchar(255) COLLATE utf8mb4_vietnamese_ci DEFAULT NULL,
  `description` varchar(255) COLLATE utf8mb4_vietnamese_ci DEFAULT NULL,
  `photo` varchar(255) COLLATE utf8mb4_vietnamese_ci DEFAULT NULL,
  PRIMARY KEY (`post_history_id`),
  KEY `FK6pxvn8n5j10mxjfnhs6wmyh6t` (`post_id`),
  CONSTRAINT `FK6pxvn8n5j10mxjfnhs6wmyh6t` FOREIGN KEY (`post_id`) REFERENCES `post` (`post_id`)
) ENGINE=InnoDB DEFAULT CHARSET=utf8mb4 COLLATE=utf8mb4_vietnamese_ci;
/*!40101 SET character_set_client = @saved_cs_client */;

--
-- Dumping data for table `post_history`
--

LOCK TABLES `post_history` WRITE;
/*!40000 ALTER TABLE `post_history` DISABLE KEYS */;
INSERT INTO `post_history` VALUES ('0114def3-5ead-40e3-984b-1106b8c46248','FOUND_SHIPPER','2024-09-07 16:35:27.869889','8c7c64f7-e774-4348-b3c8-1b7e4106782b',NULL,NULL),('01eade1f-03fe-4c00-aaa4-5f2d589f05fb','SHIPPED','2024-10-06 23:03:55.409357','85683b3d-f630-49fa-8f02-d881905b7314',NULL,'https://res.cloudinary.com/dqpo9h5s2/image/upload/v1728230637/auwstpvne1g8zbvedthf.jpg'),('030896b2-d733-411b-bb36-5cac0e19be93','FOUND_SHIPPER','2024-10-07 20:43:12.286541','37b32070-0e2c-45a8-b193-8cd5f475a34b',NULL,NULL),('0346a31e-cec3-41e4-86a2-bca8c35a2224','PENDING','2024-09-16 21:51:52.151652','c192a7d4-3653-4ef3-ab80-4b98ac403ece',NULL,NULL),('03c15de0-4a86-4cd8-b473-63771b9f20cd','FOUND_SHIPPER','2024-10-05 19:17:53.957687','903d81b7-ec38-4d3c-96f3-e8a40d283025',NULL,NULL),('04a8a6a7-2d4e-4b45-a95b-77339b613dc4','SHIPPED','2024-09-20 22:23:21.158100','d8ab54d0-3806-4cc5-8469-ac75d4cc9016',NULL,'https://res.cloudinary.com/dqpo9h5s2/image/upload/v1726845802/jtkqz2zg3cl2gj0b0d97.png'),('04d35b69-a335-4a73-8819-2af51ebee932','PENDING','2024-10-06 23:07:03.821281','fb85c7bb-1539-41c7-b79d-d61d3163f8d2',NULL,NULL),('05192b4a-8d6a-4bcc-8163-c75ca802c984','CONFIRM_WITH_CUSTOMER','2024-09-30 21:46:18.335428','9ae3b1e0-1538-4432-b512-3affde188aa0',NULL,NULL),('056d7554-c22c-446c-bc00-7e1546aae70a','DELIVERED','2024-10-07 22:43:00.014694','74ea0ade-b9e7-4a90-b599-01146c793d44',NULL,'https://res.cloudinary.com/dqpo9h5s2/image/upload/v1728315782/jgug2azgugrury6ybmo7.jpg'),('06fc9d5c-e1e9-4dab-a0bd-65b9663bc848','DELIVERED','2024-10-05 23:26:18.684058','35400ccf-3d41-45f6-86e9-df9821978e52',NULL,'https://res.cloudinary.com/dqpo9h5s2/image/upload/v1728145579/szjyz9pgzsgepihv28lm.png'),('071bb9df-8a8b-47d1-bb78-970b1bf8acce','FOUND_SHIPPER','2024-09-15 00:14:29.467460','f37229ef-119d-4ceb-87ff-0c3dab64516f',NULL,NULL),('08882e16-9f83-481a-bb35-3bbf308cc4d9','PAID_BY_VNPAY','2024-09-29 00:04:22.006601','63744b75-37a0-4661-b45f-07f9d85e4309',NULL,NULL),('09c364a5-d4b0-4efb-8f4d-8d42e6c317ab','SHIPPED','2024-10-06 23:09:59.508553','f3f828a7-0a16-436d-857f-6d7d559df35f',NULL,'https://res.cloudinary.com/dqpo9h5s2/image/upload/v1728231001/gt3bjx4xcixcoueoect0.jpg'),('0aefdb31-8362-4286-b569-9e780342c7b2','PENDING','2024-10-05 19:15:32.037992','5d737975-3754-405e-a9b8-61db4dab6b3e',NULL,NULL),('0b767c31-fc72-4d39-b8b2-60d1b4754d27','CONFIRM_WITH_CUSTOMER','2024-09-27 22:20:48.190960','aece29bf-3569-4648-a9cf-604e53d33e4d',NULL,NULL),('0bf7ef2c-995a-4680-ad89-f15cf54ff816','DELIVERED','2024-09-20 22:37:51.244321','b5459549-68b1-46f2-a0f0-8ecb6b4ae3fd',NULL,'https://res.cloudinary.com/dqpo9h5s2/image/upload/v1726846672/j8sptwoz0kchvephcbtz.png'),('0c6a53a6-9930-405f-a80d-0a6c2bff22e1','FOUND_SHIPPER','2024-10-08 18:54:17.166625','3001f386-369b-43c4-a8ca-74550ee03992',NULL,NULL),('0cc28fe4-401f-4259-ac22-769690dde83d','PENDING','2024-10-06 22:50:24.539875','65a6a02f-685d-4b4f-b758-2ce0a828a1d5',NULL,NULL),('0d225c68-c9ad-4c6b-b2f0-c466e0ff5aeb','PAID_BY_VNPAY','2024-09-28 23:40:28.977514','63744b75-37a0-4661-b45f-07f9d85e4309',NULL,NULL),('0e30f487-3aff-41fc-a9c5-b3d20c888f46','DELIVERED','2024-09-30 21:22:38.300029','63744b75-37a0-4661-b45f-07f9d85e4309',NULL,'https://res.cloudinary.com/dqpo9h5s2/image/upload/v1727706160/atqvx1myigmrojjb0hr2.png'),('11e0dd83-0280-46a5-a474-36447e4e37c6','FOUND_SHIPPER','2024-09-20 21:59:56.285252','b3d793b2-982b-4242-896e-86899dd4ff8e',NULL,NULL),('14366599-024b-4290-b351-7f9792b0b7e3','COLLECTED_CASH','2024-10-06 23:03:26.315314','f0fbe3c9-b188-4ecb-a958-214a301720d4',NULL,NULL),('147d24a9-c302-4329-9408-491d590a5a32','PAID_BY_VNPAY','2024-10-06 22:44:43.948838','85683b3d-f630-49fa-8f02-d881905b7314',NULL,NULL),('14cce2d1-3507-4df0-874d-bbd827bcaa38','CONFIRM_WITH_CUSTOMER','2024-09-18 22:05:33.143496','f914ee0c-30b3-4cf3-bbc6-c1286879f0e7',NULL,NULL),('157c325b-86b1-4a7e-8f33-86c47742bc4a','CONFIRM_WITH_CUSTOMER','2024-10-07 19:01:07.534904','47cf29e0-274b-45bc-9c0b-d87a030532c9',NULL,NULL),('17f7eae4-cc34-4dab-8263-69b8c54fc043','PENDING','2024-09-19 20:45:52.793357','22386cb9-1062-4fa9-8715-2a8d4841325d',NULL,NULL),('1844b433-c214-4b40-ae34-bed963876edf','DELIVERED','2024-09-20 22:24:17.017215','d8ab54d0-3806-4cc5-8469-ac75d4cc9016',NULL,'https://res.cloudinary.com/dqpo9h5s2/image/upload/v1726845858/xcwof1a0bbetprbumv0y.png'),('18ce0a4e-531c-4e72-8f87-4bb6d6495564','DELIVERED','2024-09-20 22:08:22.256139','b3d793b2-982b-4242-896e-86899dd4ff8e',NULL,'https://res.cloudinary.com/dqpo9h5s2/image/upload/v1726844905/r6ojphhlcqhcmikj4xvc.jpg'),('1a1bf3b7-a0c1-4d1c-98a8-9fe3972292ce','FOUND_SHIPPER','2024-09-20 22:30:53.902622','b5459549-68b1-46f2-a0f0-8ecb6b4ae3fd',NULL,NULL),('1b0bf3f5-5ecf-4684-8be0-c4abc4e91870','PAID_BY_VNPAY','2024-10-06 21:27:40.054020','a1505c86-8b37-42e9-8d1a-67fb777851c3',NULL,NULL),('1db95ab3-5d14-42a3-b60f-22e14f5be698','PENDING','2024-09-27 22:20:06.092285','aece29bf-3569-4648-a9cf-604e53d33e4d',NULL,NULL),('1f5c24a9-7d68-48ab-87e3-643ef1be9539','FOUND_SHIPPER','2024-10-07 22:30:16.962223','ef95d793-8b0e-4e9d-b425-8d11c5a7ab8b',NULL,NULL),('22889459-21e1-4689-a397-532ea7557550','PENDING','2024-10-06 23:14:17.635270','997780a4-2447-468c-982c-fc4d60ba85a3',NULL,NULL),('22bb6eaa-8ac2-4f72-bc89-da3764851bc8','FOUND_SHIPPER','2024-09-30 21:46:14.108931','9ae3b1e0-1538-4432-b512-3affde188aa0',NULL,NULL),('241ad3b0-8f2a-4862-a404-526b1ccdab87','PENDING','2024-10-06 19:40:33.050765','c128082d-47e1-4ba0-8ac8-396908a05962',NULL,NULL),('24f77540-b2e9-471a-b979-18581a4b3d2a','DELIVERED','2024-10-06 21:31:41.472967','a1505c86-8b37-42e9-8d1a-67fb777851c3',NULL,'https://res.cloudinary.com/dqpo9h5s2/image/upload/v1728225103/uictxd9igepws9g0zc25.jpg'),('25c9ef34-9cd0-4ffb-af8d-d8ccf3fc60f0','PENDING','2024-10-06 22:19:56.213882','e93dfa3a-8421-48b7-9180-65f872433840',NULL,NULL),('26e5302e-3c71-434f-83d6-85a418edaefb','FOUND_SHIPPER','2024-10-06 19:07:01.912874','93bc81d1-33f6-4f44-8f9c-ef1fa1becae7',NULL,NULL),('273c68a8-f495-4004-baf7-4f40749e2cd6','PENDING','2024-10-06 19:01:20.071296','b5103067-048e-4e9f-8398-f14ef777eaa5',NULL,NULL),('2877f175-6e65-40f7-bda7-12845c0a11ed','PENDING','2024-10-06 22:23:46.656476','7196de4f-cc2c-4c2a-89cf-3bc2121683f8',NULL,NULL),('2ac2f22b-0faf-4053-b62a-5c56ec42d23a','FOUND_SHIPPER','2024-10-06 22:44:54.282089','85683b3d-f630-49fa-8f02-d881905b7314',NULL,NULL),('2aec322f-bc9e-465d-b4d6-f27d2e91a164','SHIPPED','2024-09-20 21:27:22.879456','f914ee0c-30b3-4cf3-bbc6-c1286879f0e7',NULL,'https://res.cloudinary.com/dqpo9h5s2/image/upload/v1726842444/rpw71v5ipmaddj9piomv.png'),('2b741609-fba3-4aa2-85fc-726014ea43fa','PENDING','2024-10-07 19:46:43.170723','24131216-7b40-425d-a6f3-cd318e92b168',NULL,NULL),('2c1ef6e3-872f-4229-ad6b-1a01d19eec7f','SHIPPED','2024-10-06 22:12:13.845500','6e7eb08f-7ce9-4607-afc6-540d9da05ec2',NULL,'https://res.cloudinary.com/dqpo9h5s2/image/upload/v1728227535/oiz6hoy9pglspwmr2uy8.jpg'),('2c7ec947-aa78-4752-97bb-9808d9d90cd1','PENDING','2024-10-06 21:27:10.422803','a1505c86-8b37-42e9-8d1a-67fb777851c3',NULL,NULL),('2d17c4d8-6844-4298-b33a-f163a0207bd9','FOUND_SHIPPER','2024-10-06 23:14:32.730686','997780a4-2447-468c-982c-fc4d60ba85a3',NULL,NULL),('2e52569a-e988-4812-84ab-f13a0c98226f','CONFIRM_WITH_CUSTOMER','2024-10-06 23:03:44.558871','85683b3d-f630-49fa-8f02-d881905b7314',NULL,NULL),('2f0df2ce-5d9a-4b7f-8b42-cd4d1857260a','PENDING','2024-10-06 19:44:05.009871','37b32070-0e2c-45a8-b193-8cd5f475a34b',NULL,NULL),('2fb52f39-8449-4259-a929-351fdb975882','PENDING','2024-10-07 21:21:07.205819','df7f076b-be31-41aa-9c0f-085126dab3a7',NULL,NULL),('304d9296-f7c9-4227-a2fd-f8f09924d7b8','FOUND_SHIPPER','2024-10-06 23:21:09.759692','1d00a8ee-a465-46ea-9bcf-44f50604e297',NULL,NULL),('324e67d6-391f-480a-92e4-10bdc636b3eb','CONFIRM_WITH_CUSTOMER','2024-09-07 17:04:43.945325','8c7c64f7-e774-4348-b3c8-1b7e4106782b',NULL,NULL),('334e9837-7810-4b10-ae24-47bc33f0ce6f','FOUND_SHIPPER','2024-10-07 22:42:06.942358','74ea0ade-b9e7-4a90-b599-01146c793d44',NULL,NULL),('340f5f78-bd3b-4913-ab56-d79073588bdf','PAID_BY_VNPAY','2024-10-07 22:01:04.434717','940e3c31-0b48-4c68-9ba6-d57edf6ca6de',NULL,NULL),('341977f3-b85d-40d2-9bd9-4867bb7fc08a','DELIVERED','2024-09-30 21:13:09.661234','aece29bf-3569-4648-a9cf-604e53d33e4d',NULL,'https://res.cloudinary.com/dqpo9h5s2/image/upload/v1727705592/kwrhywxlz2egrwm7li2b.png'),('344a8786-55b4-4edd-8660-310ef36ca8c1','PAID_BY_VNPAY','2024-10-06 19:44:30.540107','37b32070-0e2c-45a8-b193-8cd5f475a34b',NULL,NULL),('348b5588-93eb-499a-b8d0-888a25b7f896','PENDING','2024-09-20 22:21:57.087844','d8ab54d0-3806-4cc5-8469-ac75d4cc9016',NULL,NULL),('35671b87-2327-4637-8a57-a6374ae44690','COLLECTED_CASH','2024-10-05 23:32:09.345599','35400ccf-3d41-45f6-86e9-df9821978e52',NULL,NULL),('36fe7a5c-2bdc-4413-961d-c92dc3171ab5','FOUND_SHIPPER','2024-10-07 21:07:59.777133','c45f57b6-12ae-42fa-bcb7-730199d1434f',NULL,NULL),('37400565-4f6a-40e6-b238-a9be66ddef68','CONFIRM_WITH_CUSTOMER','2024-10-06 22:24:43.789077','7196de4f-cc2c-4c2a-89cf-3bc2121683f8',NULL,NULL),('375b3b2d-2c5b-4837-8153-4d6a8b421395','FOUND_SHIPPER','2024-09-15 00:16:50.958981','f37229ef-119d-4ceb-87ff-0c3dab64516f',NULL,NULL),('3769bb4e-b1c6-4c5d-ba04-dc7bc69d8c6f','PAID_BY_VNPAY','2024-10-07 19:50:10.414207','c45f57b6-12ae-42fa-bcb7-730199d1434f',NULL,NULL),('37d7dc78-03e7-4379-8812-b6cbb9035da9','SHIPPED','2024-09-30 21:12:30.900942','aece29bf-3569-4648-a9cf-604e53d33e4d',NULL,'https://res.cloudinary.com/dqpo9h5s2/image/upload/v1727705554/hd1he02ttst9thuw3nqr.png'),('39adddac-13b6-4ba6-9eff-20a71f520574','PAID_BY_VNPAY','2024-10-06 19:41:57.065620','c128082d-47e1-4ba0-8ac8-396908a05962',NULL,NULL),('3ad5cb22-dad6-45b1-a30d-44a7e5d19f9d','FOUND_SHIPPER','2024-10-06 23:09:41.648134','f3f828a7-0a16-436d-857f-6d7d559df35f',NULL,NULL),('3ae33c4b-13f3-49a1-8301-fb442ecb914b','PENDING','2024-10-08 18:52:58.066655','3001f386-369b-43c4-a8ca-74550ee03992',NULL,NULL),('3b95b13b-a99c-47b3-a468-74de006be9c4','FOUND_SHIPPER','2024-10-06 22:50:39.631137','65a6a02f-685d-4b4f-b758-2ce0a828a1d5',NULL,NULL),('3c9f0189-298a-476a-97c7-0f0554b616a9','CONFIRM_WITH_CUSTOMER','2024-10-06 23:00:29.853951','f0fbe3c9-b188-4ecb-a958-214a301720d4',NULL,NULL),('3e337cbd-0bf2-4e80-9cc5-0afe44487b66','SHIPPED','2024-10-07 19:01:34.776331','47cf29e0-274b-45bc-9c0b-d87a030532c9',NULL,'https://res.cloudinary.com/dqpo9h5s2/image/upload/v1728302498/qjwb40mpqfhzuyt8padv.jpg'),('4216b0d6-c666-41ee-bdc1-daff59c7a685','COLLECTED_CASH','2024-10-06 19:08:45.477405','93bc81d1-33f6-4f44-8f9c-ef1fa1becae7',NULL,NULL),('4219e211-8580-498d-b40a-8f748371602c','PAID_BY_VNPAY','2024-09-28 22:46:58.403275','63744b75-37a0-4661-b45f-07f9d85e4309',NULL,NULL),('42f42178-9957-4850-8979-afcd5cd07ddf','PAID_BY_VNPAY','2024-10-07 22:30:05.827861','ef95d793-8b0e-4e9d-b425-8d11c5a7ab8b',NULL,NULL),('4379a7a3-3317-4afb-84f2-ae77d07599ee','SHIPPED','2024-10-06 22:25:03.670259','7196de4f-cc2c-4c2a-89cf-3bc2121683f8',NULL,'https://res.cloudinary.com/dqpo9h5s2/image/upload/v1728228305/ix4w2pu2pfc3rqkvndop.jpg'),('44a7e528-3e6f-4cd8-9192-ccbbf3cd16e8','COLLECTED_CASH','2024-10-06 22:15:21.069718','6e7eb08f-7ce9-4607-afc6-540d9da05ec2',NULL,NULL),('48c33920-8c18-43d0-a9c7-60d7d595425b','CONFIRM_WITH_CUSTOMER','2024-10-07 21:55:04.700140','bff9ccb1-10cf-4935-a695-b2e6d6f0b4e3',NULL,NULL),('4b8bdef8-d6d6-4eb4-b68c-8d72ec12b3cc','PAID_BY_VNPAY','2024-09-28 23:52:10.039378','9ae3b1e0-1538-4432-b512-3affde188aa0',NULL,NULL),('4dce9e32-330d-4553-ae9b-045f8135c5f4','FOUND_SHIPPER','2024-10-06 23:00:26.876814','f0fbe3c9-b188-4ecb-a958-214a301720d4',NULL,NULL),('4e20a156-4d23-47b9-8b81-37576b7f7e41','FOUND_SHIPPER','2024-08-25 21:20:52.278788','441d2777-d462-4d79-a054-28090266c21b',NULL,NULL),('50db19a7-7096-4e35-9e99-ed2d8ba97dca','DELIVERED','2024-09-07 17:16:40.921191','8c7c64f7-e774-4348-b3c8-1b7e4106782b',NULL,'https://res.cloudinary.com/dqpo9h5s2/image/upload/v1725704204/g7vwghh6osbfv85ehmpn.jpg'),('50fd2b70-c41d-4016-83cb-2739779ab226','PAID_BY_VNPAY','2024-09-28 23:32:32.606274','63744b75-37a0-4661-b45f-07f9d85e4309',NULL,NULL),('52c16499-c069-4c6e-b461-bb7c56c3cd8f','PAID_BY_VNPAY','2024-10-06 22:20:34.990467','e93dfa3a-8421-48b7-9180-65f872433840',NULL,NULL),('555b8cc6-0a27-4aa2-8c37-3fcc64eb878a','SHIPPED','2024-09-03 16:28:29.912630','441d2777-d462-4d79-a054-28090266c21b',NULL,NULL),('557f0fa6-10ee-452b-9e32-acde98d5421e','CONFIRM_WITH_CUSTOMER','2024-10-06 22:36:18.342490','1358a344-c671-4441-ae52-23683abec0b5',NULL,NULL),('55c2939b-195f-42d9-8656-412692118256','CONFIRM_WITH_CUSTOMER','2024-10-06 21:27:53.633356','a1505c86-8b37-42e9-8d1a-67fb777851c3',NULL,NULL),('55c976c8-c6ca-411f-865c-479348ced037','PAID_BY_VNPAY','2024-09-28 23:45:17.126656','63744b75-37a0-4661-b45f-07f9d85e4309',NULL,NULL),('567ca79b-dd75-4681-a4c7-ba7ab1a64181','DELIVERED','2024-10-05 19:19:02.789145','903d81b7-ec38-4d3c-96f3-e8a40d283025',NULL,'https://res.cloudinary.com/dqpo9h5s2/image/upload/v1728130744/zj8smpm7eetsse2swjv4.jpg'),('571a2fc1-40b3-4ef8-a587-0c2d22c3fa6d','PAID_BY_VNPAY','2024-09-28 23:26:39.002941','63744b75-37a0-4661-b45f-07f9d85e4309',NULL,NULL),('5a8b9897-2382-4e70-9ede-0688a089ff68','SHIPPED','2024-10-05 23:25:52.997913','35400ccf-3d41-45f6-86e9-df9821978e52',NULL,'https://res.cloudinary.com/dqpo9h5s2/image/upload/v1728145553/ydwnleefeotleuvnxxdx.png'),('5c09454e-11af-4124-aee9-422bc7714e6b','DELIVERED','2024-10-07 21:45:37.729092','149f0632-e5e1-4f0e-988d-c5c0d55f60ce',NULL,'https://res.cloudinary.com/dqpo9h5s2/image/upload/v1728312340/lpdsl05sohruvgdzgoxw.jpg'),('5cae6ed6-1691-4769-9205-428e3c8e9c11','DELIVERED','2024-09-20 21:24:51.792037','22386cb9-1062-4fa9-8715-2a8d4841325d',NULL,'https://res.cloudinary.com/dqpo9h5s2/image/upload/v1726842292/obm0wz6mbshejldpwdct.jpg'),('5ce91358-9d7a-4f10-a84c-bb35465c282e','DELIVERED','2024-09-30 21:47:44.185650','9ae3b1e0-1538-4432-b512-3affde188aa0',NULL,'https://res.cloudinary.com/dqpo9h5s2/image/upload/v1727707666/opd56jn40aocjjvzp5wg.png'),('5d025515-06d1-43c7-8af5-536c1bf473db','PAID_BY_VNPAY','2024-10-07 19:47:01.115140','24131216-7b40-425d-a6f3-cd318e92b168',NULL,NULL),('5df6ae2d-de1d-441d-a5fb-2f78e0519e8e','PENDING','2024-10-08 20:15:03.222059','854567f5-ab6f-439d-a4c3-0c46c74962d3',NULL,NULL),('5f9c4f00-8272-4b80-871d-4a8d73805656','PENDING','2024-09-20 22:30:28.856070','b5459549-68b1-46f2-a0f0-8ecb6b4ae3fd',NULL,NULL),('61887b2e-930f-4a20-bb68-1233891444c8','DELIVERED','2024-10-06 22:25:25.944154','7196de4f-cc2c-4c2a-89cf-3bc2121683f8',NULL,'https://res.cloudinary.com/dqpo9h5s2/image/upload/v1728228327/xj3oa6d6zgp5cm05bqa9.jpg'),('622f86f3-f595-4dbb-8380-bd9b1112f0ce','FOUND_SHIPPER','2024-10-07 20:49:43.168319','5d737975-3754-405e-a9b8-61db4dab6b3e',NULL,NULL),('62367067-e0ca-417c-8e47-56549b77d374','PENDING','2024-10-06 19:06:46.840993','93bc81d1-33f6-4f44-8f9c-ef1fa1becae7',NULL,NULL),('62997420-f147-4cb1-a6a3-c6d9ac0f89ff','PENDING','2024-10-07 21:32:33.081505','9cf4a6b1-5065-40c1-b800-6f544ab05945',NULL,NULL),('62a7cd41-141d-426c-a336-526ddc7c2d2b','PAID_BY_VNPAY','2024-10-06 22:24:14.209236','7196de4f-cc2c-4c2a-89cf-3bc2121683f8',NULL,NULL),('63e3c9d1-840f-4a12-b8b1-43eb1118f7e1','SHIPPED','2024-09-15 15:43:03.649451','f37229ef-119d-4ceb-87ff-0c3dab64516f',NULL,NULL),('64586963-a50a-4f70-a529-e22ef104f460','PENDING','2024-10-07 22:12:51.494207','3ac3c551-e1e1-46a9-9080-0ab94dfe68be',NULL,NULL),('670f0c06-c50c-4ec8-8226-b54477ce0377','PENDING','2024-10-06 22:08:17.045144','6e7eb08f-7ce9-4607-afc6-540d9da05ec2',NULL,NULL),('67435a8e-b1d1-4bcc-8e27-f8fadde934bd','SHIPPED','2024-10-06 23:14:52.866448','997780a4-2447-468c-982c-fc4d60ba85a3',NULL,'https://res.cloudinary.com/dqpo9h5s2/image/upload/v1728231294/olfqpnd8cvlrkpok3n1t.jpg'),('67944e2a-4410-4a5f-a7a7-385f83018189','DELIVERED','2024-10-06 22:38:22.095101','1358a344-c671-4441-ae52-23683abec0b5',NULL,'https://res.cloudinary.com/dqpo9h5s2/image/upload/v1728229103/qh8ptgse0l3catwg76y5.jpg'),('67cafae0-b929-4898-9e70-e4723b9a2e15','CONFIRM_WITH_CUSTOMER','2024-09-30 21:22:02.070644','63744b75-37a0-4661-b45f-07f9d85e4309',NULL,NULL),('68970d3c-d899-4bb7-9553-5bb0708f60ff','PENDING','2024-10-07 22:36:51.439135','91adb12b-fba4-4b7b-ad5f-f68d46c18ad2',NULL,NULL),('69901fc7-57ab-4fa8-b2c9-a1cdc6b94c2a','PAID_BY_VNPAY','2024-09-28 23:17:28.208277','63744b75-37a0-4661-b45f-07f9d85e4309',NULL,NULL),('6b595ae5-48a2-4cc4-bd15-ac1c7ca784fb','PAID_BY_VNPAY','2024-10-07 21:54:53.122583','bff9ccb1-10cf-4935-a695-b2e6d6f0b4e3',NULL,NULL),('6bc3f0d1-7af2-4d82-8bf4-76cbdbb10095','CONFIRM_WITH_CUSTOMER','2024-09-03 15:55:31.546762','441d2777-d462-4d79-a054-28090266c21b',NULL,NULL),('6fb3bdcc-8fdd-4586-8f34-c45430feef91','PAID_BY_VNPAY','2024-09-28 23:02:55.723485','63744b75-37a0-4661-b45f-07f9d85e4309',NULL,NULL),('713cdeed-6852-4844-9a33-cc84cfef2751','PAID_BY_VNPAY','2024-10-07 22:27:07.949783','1ad065ed-8812-45a2-8dfb-ec45113e01c9',NULL,NULL),('733ae592-d89b-4e15-9f7c-0be4aa1a1a44','PENDING','2024-10-06 23:09:26.546366','f3f828a7-0a16-436d-857f-6d7d559df35f',NULL,NULL),('74cdb06d-1692-405d-8165-0056bbf23dfe','PENDING','2024-10-05 23:22:25.556881','35400ccf-3d41-45f6-86e9-df9821978e52',NULL,NULL),('74fc89a5-410b-406f-a2fe-61a09815a894','FOUND_SHIPPER','2024-10-07 19:01:04.473223','47cf29e0-274b-45bc-9c0b-d87a030532c9',NULL,NULL),('755041f5-6bd0-4020-a2ec-c246f0e16236','FOUND_SHIPPER','2024-10-06 21:27:50.313621','a1505c86-8b37-42e9-8d1a-67fb777851c3',NULL,NULL),('760e0939-1402-41be-b7ce-1724cc7ee2e3','PENDING','2024-09-20 21:32:51.217887','b3d793b2-982b-4242-896e-86899dd4ff8e',NULL,NULL),('77a09d5c-265c-47bc-8084-4f7057395e0d','DELIVERED','2024-10-06 23:15:13.232041','997780a4-2447-468c-982c-fc4d60ba85a3',NULL,'https://res.cloudinary.com/dqpo9h5s2/image/upload/v1728231321/m8unhkbmugljxnrmhdrl.jpg'),('789f9fbb-1864-4979-a185-fe5f95960296','PAID_BY_VNPAY','2024-10-07 22:13:22.079965','3ac3c551-e1e1-46a9-9080-0ab94dfe68be',NULL,NULL),('79977c8a-5d0b-443e-b048-166e178774d7','FOUND_SHIPPER','2024-10-05 23:22:40.662842','35400ccf-3d41-45f6-86e9-df9821978e52',NULL,NULL),('7a3680e8-ca49-41af-be5b-cd3f088949b6','PAID_BY_VNPAY','2024-09-29 00:02:14.456831','63744b75-37a0-4661-b45f-07f9d85e4309',NULL,NULL),('7bc9c743-b4b6-4803-a951-90804cdfcb51','FOUND_SHIPPER','2024-10-07 20:30:29.402725','24131216-7b40-425d-a6f3-cd318e92b168',NULL,NULL),('815e5ce3-7e20-4ffe-bd9b-bf8e73dac1f0','PAID_BY_VNPAY','2024-10-06 22:36:04.095426','1358a344-c671-4441-ae52-23683abec0b5',NULL,NULL),('82ac20cf-57e1-484a-887c-9c0963695aa3','COLLECTED_CASH','2024-10-06 23:16:00.497469','997780a4-2447-468c-982c-fc4d60ba85a3',NULL,NULL),('84024eca-ea8c-469e-a676-e278f79600d2','PAID_BY_VNPAY','2024-09-28 23:34:33.631894','63744b75-37a0-4661-b45f-07f9d85e4309',NULL,NULL),('84da3713-3639-4f52-849f-e95fb56fb187','PAID_BY_VNPAY','2024-09-28 20:14:22.806959','68cf1e3f-e2fd-4aaa-bf6c-1c77763cea91',NULL,NULL),('8598d9a2-cacc-4949-8043-2395522aa9bd','PENDING','2024-10-07 22:00:43.611019','940e3c31-0b48-4c68-9ba6-d57edf6ca6de',NULL,NULL),('879bd2b6-e95f-4ab1-90b1-e238cd7a928a','PENDING','2024-10-06 19:27:19.092271','74ea0ade-b9e7-4a90-b599-01146c793d44',NULL,NULL),('87c7eb7a-3cef-45a7-94b8-9a7d53f567e3','CONFIRM_WITH_CUSTOMER','2024-09-20 22:22:47.881153','d8ab54d0-3806-4cc5-8469-ac75d4cc9016',NULL,NULL),('88fc3695-92e9-4922-93ef-1d5985d6a3c7','CONFIRM_WITH_CUSTOMER','2024-09-20 22:00:33.977842','b3d793b2-982b-4242-896e-86899dd4ff8e',NULL,NULL),('8c62fb43-5aaa-471a-be6a-c85925dcf811','SHIPPED','2024-09-16 22:09:28.671592','c192a7d4-3653-4ef3-ab80-4b98ac403ece',NULL,'https://res.cloudinary.com/dqpo9h5s2/image/upload/v1726499370/mti3e971vyutnlokdpim.jpg'),('8cba7fa9-7da7-44a3-897c-da858ee6a9d2','SHIPPED','2024-10-08 18:55:02.395885','3001f386-369b-43c4-a8ca-74550ee03992',NULL,'https://res.cloudinary.com/dqpo9h5s2/image/upload/v1728388505/objf5mairpuzz8lusuzm.jpg'),('8cf8d03b-7263-4b15-ba7d-c329a94130ab','PENDING','2024-10-06 23:00:11.774723','f0fbe3c9-b188-4ecb-a958-214a301720d4',NULL,NULL),('8f8e5c5f-59d1-4258-a23b-57dce8e4af4c','PENDING','2024-10-06 22:44:21.563414','85683b3d-f630-49fa-8f02-d881905b7314',NULL,NULL),('90b025b8-211b-4580-8417-1c0e2330733d','SHIPPED','2024-09-03 16:08:08.434196','441d2777-d462-4d79-a054-28090266c21b',NULL,'https://res.cloudinary.com/dqpo9h5s2/image/upload/v1725354492/bqqa1joiwdc8qngc07br.png'),('90b76e81-1860-44f5-8a6e-25576b5a1490','SHIPPED','2024-09-20 22:06:21.697260','b3d793b2-982b-4242-896e-86899dd4ff8e',NULL,'https://res.cloudinary.com/dqpo9h5s2/image/upload/v1726844784/eidigl3pqpkrotsm6w63.jpg'),('90fc881f-c363-488e-8aca-68eb74b97263','PAID_BY_VNPAY','2024-10-08 20:15:43.262425','854567f5-ab6f-439d-a4c3-0c46c74962d3',NULL,NULL),('91225ec4-da12-4625-b943-4c5f71be9ee0','PENDING','2024-10-07 19:44:34.658343','8d35f7b4-2ba9-4874-a107-7963280767eb',NULL,NULL),('9239f8fd-d4c3-4374-a41c-d87966660db8','PENDING','2024-09-07 12:42:15.159060','8c7c64f7-e774-4348-b3c8-1b7e4106782b',NULL,NULL),('93a2952a-4170-496a-a689-d51257658ef3','FOUND_SHIPPER','2024-10-07 21:16:06.339046','c128082d-47e1-4ba0-8ac8-396908a05962',NULL,NULL),('962df3c0-d3fa-4299-90e9-35becf8ddb94','SHIPPED','2024-10-06 22:51:15.182393','65a6a02f-685d-4b4f-b758-2ce0a828a1d5',NULL,'https://res.cloudinary.com/dqpo9h5s2/image/upload/v1728229876/lao588xpg56bbipp8ehp.jpg'),('9818701a-0e46-4bb6-8ff3-088d0b8a3897','FOUND_SHIPPER','2024-10-07 21:02:11.108768','fb85c7bb-1539-41c7-b79d-d61d3163f8d2',NULL,NULL),('9930822f-d465-480f-a3e0-955342a202d3','PENDING','2024-09-27 22:17:38.477508','903d81b7-ec38-4d3c-96f3-e8a40d283025',NULL,NULL),('9992ffa5-bb72-4ae9-84b7-f8928ded1472','FOUND_SHIPPER','2024-09-19 20:56:54.890494','22386cb9-1062-4fa9-8715-2a8d4841325d',NULL,NULL),('9998f861-2307-4733-8396-4ea2ea14f7da','CONFIRM_WITH_CUSTOMER','2024-09-20 22:32:51.048978','b5459549-68b1-46f2-a0f0-8ecb6b4ae3fd',NULL,NULL),('99d2e111-1719-4081-8db0-180252395407','SHIPPED','2024-10-07 21:45:14.737039','149f0632-e5e1-4f0e-988d-c5c0d55f60ce',NULL,'https://res.cloudinary.com/dqpo9h5s2/image/upload/v1728312317/d029fcb3iry3k9giab8t.jpg'),('9b6e740e-9841-470c-86b0-92f764d3e4ba','PENDING','2024-10-07 22:20:34.538658','712356cf-6f82-4364-b96a-311a2775016f',NULL,NULL),('9bfd3012-062d-437b-9dd7-e69fab73c413','SHIPPED','2024-10-06 22:36:35.075978','1358a344-c671-4441-ae52-23683abec0b5',NULL,'https://res.cloudinary.com/dqpo9h5s2/image/upload/v1728228996/hywxemxok5cea866skni.jpg'),('9d20cee6-112b-4f75-af11-73f0557735a8','SHIPPED','2024-09-30 21:46:51.106515','9ae3b1e0-1538-4432-b512-3affde188aa0',NULL,'https://res.cloudinary.com/dqpo9h5s2/image/upload/v1727707614/mo4efmovorqsvtnsyfmo.png'),('9d35bc65-42ee-46b3-91ef-a87f97561c91','DELIVERED','2024-10-07 21:55:48.742287','bff9ccb1-10cf-4935-a695-b2e6d6f0b4e3',NULL,'https://res.cloudinary.com/dqpo9h5s2/image/upload/v1728312951/b4r9yi0mcvgcxszirnvm.jpg'),('a19fea15-085f-4333-beec-26f94e7d3a93','CONFIRM_WITH_CUSTOMER','2024-10-06 22:10:05.542687','6e7eb08f-7ce9-4607-afc6-540d9da05ec2',NULL,NULL),('a3761e3e-7d8e-471e-8cc1-cff45610c009','SHIPPED','2024-10-07 22:42:35.317787','74ea0ade-b9e7-4a90-b599-01146c793d44',NULL,'https://res.cloudinary.com/dqpo9h5s2/image/upload/v1728315759/cp1htf395ezr9xxvdmtv.jpg'),('a58e7923-5a51-4d35-959a-64705517e3cd','CONFIRM_WITH_CUSTOMER','2024-09-16 22:09:01.466172','c192a7d4-3653-4ef3-ab80-4b98ac403ece',NULL,NULL),('a5c70187-a5f1-447c-948a-4debdb18b5fc','CONFIRM_WITH_CUSTOMER','2024-10-07 22:42:09.862245','74ea0ade-b9e7-4a90-b599-01146c793d44',NULL,NULL),('a6e0dad9-4cb4-4551-b57a-4f34793f873e','DELIVERED','2024-10-08 18:55:42.110714','3001f386-369b-43c4-a8ca-74550ee03992',NULL,'https://res.cloudinary.com/dqpo9h5s2/image/upload/v1728388545/nedwgplidktcvrvghn5b.jpg'),('a6faf556-faf4-414e-a91a-409e765f74e6','CONFIRM_WITH_CUSTOMER','2024-10-05 23:25:19.669111','35400ccf-3d41-45f6-86e9-df9821978e52',NULL,NULL),('a7cde82a-9f9c-49ef-96b5-be2459383b61','PENDING','2024-10-06 22:35:22.997397','1358a344-c671-4441-ae52-23683abec0b5',NULL,NULL),('a7e100e9-c281-4cd9-81b8-6c1d20f05993','DELIVERED','2024-10-07 22:31:10.218760','ef95d793-8b0e-4e9d-b425-8d11c5a7ab8b',NULL,'https://res.cloudinary.com/dqpo9h5s2/image/upload/v1728315072/elf16embbg2k9ump8d7a.jpg'),('a7fbce4b-d3c0-483f-9283-1d947d13b769','FOUND_SHIPPER','2024-09-27 22:20:21.156146','aece29bf-3569-4648-a9cf-604e53d33e4d',NULL,NULL),('a7fde228-d9e6-463f-b47e-120f636a60ca','PENDING','2024-10-07 22:29:30.521105','ef95d793-8b0e-4e9d-b425-8d11c5a7ab8b',NULL,NULL),('aa683bf9-c1b1-4291-9ded-e4a992b8a455','PENDING','2024-10-07 19:00:49.346221','47cf29e0-274b-45bc-9c0b-d87a030532c9',NULL,NULL),('ad3db748-d022-40fd-a2b2-192c484f05ea','FOUND_SHIPPER','2024-09-16 22:08:44.439943','c192a7d4-3653-4ef3-ab80-4b98ac403ece',NULL,NULL),('ae7b6311-f28b-403a-aec4-86ce3bf6f639','SHIPPED','2024-10-05 19:18:25.983755','903d81b7-ec38-4d3c-96f3-e8a40d283025',NULL,'https://res.cloudinary.com/dqpo9h5s2/image/upload/v1728130708/lubooep3zexubko2c29f.png'),('b009e19c-0f1d-4ebf-9085-e998c42b7b93','CONFIRM_WITH_CUSTOMER','2024-10-06 22:51:03.614736','65a6a02f-685d-4b4f-b758-2ce0a828a1d5',NULL,NULL),('b0afcdc4-df1c-4f5d-9629-1099ccc72993','SHIPPED','2024-10-06 23:01:51.753015','f0fbe3c9-b188-4ecb-a958-214a301720d4',NULL,'https://res.cloudinary.com/dqpo9h5s2/image/upload/v1728230513/n7usjicrmsfhlmuakmfy.jpg'),('b263989b-3eee-4d74-af53-34c67f58af5a','SHIPPED','2024-09-07 17:08:55.915845','8c7c64f7-e774-4348-b3c8-1b7e4106782b',NULL,'https://res.cloudinary.com/dqpo9h5s2/image/upload/v1725703739/zr5xzihz6ntf6sryutac.jpg'),('b513602f-2ae9-4070-903d-c54a24d73997','DELIVERED','2024-10-06 19:08:30.580358','93bc81d1-33f6-4f44-8f9c-ef1fa1becae7',NULL,'https://res.cloudinary.com/dqpo9h5s2/image/upload/v1728216513/pgln03hhqoo4usnvg82h.png'),('b5b48cf3-8939-462a-9fb8-7b0571ba383a','PAID_BY_VNPAY','2024-09-28 23:42:20.852222','63744b75-37a0-4661-b45f-07f9d85e4309',NULL,NULL),('b6561e6e-3f34-4f47-aba1-cd6d5c70c7f9','CONFIRM_WITH_CUSTOMER','2024-09-15 15:41:42.623805','f37229ef-119d-4ceb-87ff-0c3dab64516f',NULL,NULL),('b75638f7-74ad-43ad-b0a3-fad40318e36c','FOUND_SHIPPER','2024-10-07 21:55:02.465250','bff9ccb1-10cf-4935-a695-b2e6d6f0b4e3',NULL,NULL),('b8563b98-2a63-47fd-8311-8c9785168c2a','CONFIRM_WITH_CUSTOMER','2024-09-20 21:21:49.325662','22386cb9-1062-4fa9-8715-2a8d4841325d',NULL,NULL),('b9b34111-99c2-4b87-bd35-94fbf9e20998','DELIVERED','2024-09-16 22:10:07.823103','c192a7d4-3653-4ef3-ab80-4b98ac403ece',NULL,'https://res.cloudinary.com/dqpo9h5s2/image/upload/v1726499410/hm1n9utcjms6nr1atzul.jpg'),('b9ec6831-9fac-419b-b9b5-ab4698af3229','PAID_BY_VNPAY','2024-10-07 22:20:57.451079','712356cf-6f82-4364-b96a-311a2775016f',NULL,NULL),('bb527858-ed0f-4567-a83c-c92226e6019c','COLLECTED_CASH','2024-10-06 23:21:55.421582','1d00a8ee-a465-46ea-9bcf-44f50604e297',NULL,NULL),('bbc19cc1-3004-4f87-a771-1bee3a2dde92','FOUND_SHIPPER','2024-09-30 21:21:55.730922','63744b75-37a0-4661-b45f-07f9d85e4309',NULL,NULL),('bcca0afe-1c4e-4f2c-81cf-387b9670a239','PENDING','2024-10-07 22:26:20.633767','1ad065ed-8812-45a2-8dfb-ec45113e01c9',NULL,NULL),('bdde82ce-4f24-41dd-bb49-fad8e55ab78e','PENDING','2024-10-07 21:40:03.072476','ef29f344-43ea-4444-a4db-e16ae17a7dd2',NULL,NULL),('c351afa7-f4c1-4dac-95d8-fd9d16f4601d','SHIPPED','2024-10-07 22:30:41.170270','ef95d793-8b0e-4e9d-b425-8d11c5a7ab8b',NULL,'https://res.cloudinary.com/dqpo9h5s2/image/upload/v1728315043/sl2tjsg4hhntblqiwxj7.jpg'),('c4233fd4-ae8f-4826-8138-50c5f286b37b','PAID_BY_VNPAY','2024-09-28 23:29:42.284615','63744b75-37a0-4661-b45f-07f9d85e4309',NULL,NULL),('c48283ab-cba4-4e42-a682-1b52a46d6e17','PENDING','2024-09-28 23:50:30.248748','9ae3b1e0-1538-4432-b512-3affde188aa0',NULL,NULL),('c5302dac-2655-4322-8bd3-eef783af7db9','DELIVERED','2024-10-06 22:14:36.128484','6e7eb08f-7ce9-4607-afc6-540d9da05ec2',NULL,'https://res.cloudinary.com/dqpo9h5s2/image/upload/v1728227678/mmmjv4foweryzhupembl.jpg'),('c5a2ffaf-dd69-430a-924d-e43e88a14d8d','COLLECTED_CASH','2024-10-07 19:02:23.159424','47cf29e0-274b-45bc-9c0b-d87a030532c9',NULL,NULL),('c7aea7dd-c017-4809-a8f8-b01866df1902','SHIPPED','2024-10-06 19:07:32.992265','93bc81d1-33f6-4f44-8f9c-ef1fa1becae7',NULL,'https://res.cloudinary.com/dqpo9h5s2/image/upload/v1728216456/fyzycm9qrc6eknybxcps.png'),('c897bf14-429f-47e9-bf51-449478082cd8','CONFIRM_WITH_CUSTOMER','2024-10-07 21:44:56.822165','149f0632-e5e1-4f0e-988d-c5c0d55f60ce',NULL,NULL),('c9e45267-da16-496f-82e1-5dca3e8616fa','FOUND_SHIPPER','2024-10-07 21:40:20.036322','ef29f344-43ea-4444-a4db-e16ae17a7dd2',NULL,NULL),('cab89b81-bd7a-4170-9e79-c76d06e0c185','CONFIRM_WITH_CUSTOMER','2024-10-06 19:07:06.844137','93bc81d1-33f6-4f44-8f9c-ef1fa1becae7',NULL,NULL),('cb2ad49b-140f-49cc-91e3-2ea705855b86','SHIPPED','2024-10-07 21:55:19.521859','bff9ccb1-10cf-4935-a695-b2e6d6f0b4e3',NULL,'https://res.cloudinary.com/dqpo9h5s2/image/upload/v1728312922/uits9txwibhtauu7bhnw.jpg'),('cc9a235c-dc04-454a-ab3b-572de0d2bbb9','FOUND_SHIPPER','2024-09-20 22:22:27.159153','d8ab54d0-3806-4cc5-8469-ac75d4cc9016',NULL,NULL),('cfe21e00-0f28-4a16-8b8d-7d0563578f25','PAID_BY_VNPAY','2024-09-28 23:48:06.920110','63744b75-37a0-4661-b45f-07f9d85e4309',NULL,NULL),('d15ada57-de3d-4d84-b307-bc1d1a1b75b0','PAID_BY_VNPAY','2024-10-08 18:53:25.504544','3001f386-369b-43c4-a8ca-74550ee03992',NULL,NULL),('d30e3893-a4f5-48cc-8c19-7516b0c17f60','FOUND_SHIPPER','2024-10-07 21:32:50.049669','9cf4a6b1-5065-40c1-b800-6f544ab05945',NULL,NULL),('d3697598-1fc7-44e4-abb4-3c9520bcbc6b','CONFIRM_WITH_CUSTOMER','2024-10-06 23:09:44.539838','f3f828a7-0a16-436d-857f-6d7d559df35f',NULL,NULL),('d372020b-c346-4e9c-b0f4-7a536edc371f','PAID_BY_VNPAY','2024-10-07 19:45:06.976217','8d35f7b4-2ba9-4874-a107-7963280767eb',NULL,NULL),('d4160084-4c46-4cde-ba30-b045418a00af','PENDING','2024-10-07 21:44:38.895388','149f0632-e5e1-4f0e-988d-c5c0d55f60ce',NULL,NULL),('d4a56558-b734-4ba3-99f9-97d28381e01a','FOUND_SHIPPER','2024-09-07 17:03:57.392609','8c7c64f7-e774-4348-b3c8-1b7e4106782b',NULL,NULL),('d591c5e4-2b9c-4698-b082-7a695ce72010','SHIPPED','2024-09-20 21:23:21.239169','22386cb9-1062-4fa9-8715-2a8d4841325d',NULL,'https://res.cloudinary.com/dqpo9h5s2/image/upload/v1726842203/ylpvgpxh1xxuru0ed2fb.png'),('d5e720f6-60a4-4efb-ae6e-6c952892e774','CONFIRM_WITH_CUSTOMER','2024-10-06 23:21:12.277129','1d00a8ee-a465-46ea-9bcf-44f50604e297',NULL,NULL),('d62b8e4d-3343-493b-946f-f53396cf23f5','FOUND_SHIPPER','2024-10-06 22:24:29.469171','7196de4f-cc2c-4c2a-89cf-3bc2121683f8',NULL,NULL),('d8694e9b-9fea-4221-a5b0-c0557b352255','DELIVERED','2024-09-20 21:28:19.671924','f914ee0c-30b3-4cf3-bbc6-c1286879f0e7',NULL,'https://res.cloudinary.com/dqpo9h5s2/image/upload/v1726842501/rupw2vauw7jsjjzukoo4.png'),('db3e863d-54e4-475a-8dc6-2db067524764','PENDING','2024-10-07 19:49:51.399498','c45f57b6-12ae-42fa-bcb7-730199d1434f',NULL,NULL),('db5a154b-ad88-4bcb-8dbd-5db2c0f2b361','PAID_BY_VNPAY','2024-10-07 21:50:13.137533','bac3d3ca-652c-4d09-a160-dc289129af13',NULL,NULL),('dd207c75-16c4-45b3-87cd-83910da83266','DELIVERED','2024-09-15 15:45:47.227392','f37229ef-119d-4ceb-87ff-0c3dab64516f',NULL,NULL),('dd4d7c09-c174-4e98-b3c4-3936a270dfeb','SHIPPED','2024-10-06 21:28:29.861579','a1505c86-8b37-42e9-8d1a-67fb777851c3',NULL,'https://res.cloudinary.com/dqpo9h5s2/image/upload/v1728224911/rdycfe3jgjdrmiz8kkyx.jpg'),('ddb2a107-662e-4db9-8817-eaab3c3466a4','CONFIRM_WITH_CUSTOMER','2024-10-05 19:18:03.710537','903d81b7-ec38-4d3c-96f3-e8a40d283025',NULL,NULL),('e27a79f1-0b32-4ad3-bf0f-d5208d55b12b','PENDING','2024-10-06 23:20:14.690114','1d00a8ee-a465-46ea-9bcf-44f50604e297',NULL,NULL),('e4439a7c-404d-45c8-a43d-36b07fb1965f','DELIVERED','2024-10-06 23:03:00.678500','f0fbe3c9-b188-4ecb-a958-214a301720d4',NULL,'https://res.cloudinary.com/dqpo9h5s2/image/upload/v1728230582/m5qncqnvbge69y22j4ya.jpg'),('e83772b7-1398-4b5a-9e84-708df68be921','CONFIRM_WITH_CUSTOMER','2024-10-06 23:14:38.640928','997780a4-2447-468c-982c-fc4d60ba85a3',NULL,NULL),('ea0fad45-33ee-4121-aec0-0dc71b3d8132','FOUND_SHIPPER','2024-10-07 21:44:50.987827','149f0632-e5e1-4f0e-988d-c5c0d55f60ce',NULL,NULL),('ea543cc7-7c72-4947-9136-c22c8035fb26','CONFIRM_WITH_CUSTOMER','2024-10-07 22:30:19.810432','ef95d793-8b0e-4e9d-b425-8d11c5a7ab8b',NULL,NULL),('ecde90a2-82c9-4d0a-a790-b359ba497fbb','PENDING','2024-10-07 21:54:31.564039','bff9ccb1-10cf-4935-a695-b2e6d6f0b4e3',NULL,NULL),('ed37f971-3096-4271-b598-e22c6fe5431b','CONFIRM_WITH_CUSTOMER','2024-10-08 18:54:31.860591','3001f386-369b-43c4-a8ca-74550ee03992',NULL,NULL),('eeebf9a3-d880-49ed-ab4e-09260f2b35da','DELIVERED','2024-10-07 19:02:07.076777','47cf29e0-274b-45bc-9c0b-d87a030532c9',NULL,'https://res.cloudinary.com/dqpo9h5s2/image/upload/v1728302531/rinnq7txl7hl05idybmz.jpg'),('efb3ae17-24e7-4731-aa72-3b63a146690d','PENDING','2024-10-07 21:23:52.914690','c8440358-cf96-45f1-84f7-03f11deb5052',NULL,NULL),('f01bbbf6-9d7b-4477-9bd4-1728a8f4c400','PENDING','2024-09-28 19:58:51.828650','63744b75-37a0-4661-b45f-07f9d85e4309',NULL,NULL),('f0e15486-a32c-4cc4-851a-d51c2e415f18','PAID_BY_VNPAY','2024-10-07 22:41:52.610621','74ea0ade-b9e7-4a90-b599-01146c793d44',NULL,NULL),('f11e442c-981c-4b0c-ad7a-4f3efbfee987','SHIPPED','2024-09-20 22:34:50.666351','b5459549-68b1-46f2-a0f0-8ecb6b4ae3fd',NULL,'https://res.cloudinary.com/dqpo9h5s2/image/upload/v1726846493/towqbrbyljrcahg2rbcb.jpg'),('f138086c-2ec6-4e84-a61e-d560905d4ed2','SHIPPED','2024-09-30 21:22:17.329847','63744b75-37a0-4661-b45f-07f9d85e4309',NULL,'https://res.cloudinary.com/dqpo9h5s2/image/upload/v1727706140/oehqvftuvz8luxlbg6ji.png'),('f1ff1272-104c-437d-992a-7cd98a513c09','PENDING','2024-10-07 21:49:46.452442','bac3d3ca-652c-4d09-a160-dc289129af13',NULL,NULL),('f2182beb-67d4-471c-8285-347795b4edb5','PAID_BY_VNPAY','2024-09-28 20:34:36.023890','63744b75-37a0-4661-b45f-07f9d85e4309',NULL,NULL),('f292455f-0f2f-4b83-98b9-12962f022eba','PENDING','2024-09-17 20:44:40.124611','f914ee0c-30b3-4cf3-bbc6-c1286879f0e7',NULL,NULL),('f3550d99-7a57-41f9-b52d-51c35626ae57','COLLECTED_CASH','2024-09-30 21:14:01.275044','aece29bf-3569-4648-a9cf-604e53d33e4d',NULL,NULL),('f359528e-5539-460f-b786-263da70df05d','PAID_BY_VNPAY','2024-09-28 21:06:56.772790','63744b75-37a0-4661-b45f-07f9d85e4309',NULL,NULL),('f3e37ef1-3458-4311-bc2e-ac9935f5b3d9','PAID_BY_VNPAY','2024-09-29 00:00:29.920862','63744b75-37a0-4661-b45f-07f9d85e4309',NULL,NULL),('f4bb388f-dddb-4fa8-b111-f70908f47dec','SHIPPED','2024-10-06 23:21:22.604308','1d00a8ee-a465-46ea-9bcf-44f50604e297',NULL,'https://res.cloudinary.com/dqpo9h5s2/image/upload/v1728231684/qbcxb75umsvya9bio9q1.jpg'),('f55f4519-0524-4988-b7d5-a56d76114b40','FOUND_SHIPPER','2024-10-06 22:08:32.145843','6e7eb08f-7ce9-4607-afc6-540d9da05ec2',NULL,NULL),('f8cdfb8a-6fd1-4577-82dd-1baacf4f87b6','DELIVERED','2024-10-06 23:21:44.669016','1d00a8ee-a465-46ea-9bcf-44f50604e297',NULL,'https://res.cloudinary.com/dqpo9h5s2/image/upload/v1728231706/yavbgwnklfrcveygt6h4.jpg'),('fa2cdd17-9853-4acb-b25d-4e7b04809773','FOUND_SHIPPER','2024-09-15 00:12:00.430679','f37229ef-119d-4ceb-87ff-0c3dab64516f',NULL,NULL),('fa964080-c792-4986-a342-e5fe6a3c199f','FOUND_SHIPPER','2024-09-20 21:19:05.641313','22386cb9-1062-4fa9-8715-2a8d4841325d',NULL,NULL),('fd036fe6-04c5-4ba9-b983-5c9474152f01','PAID_BY_VNPAY','2024-09-28 23:06:11.546393','63744b75-37a0-4661-b45f-07f9d85e4309',NULL,NULL),('fe3f7e4c-6450-4ef0-8921-824f64c22ae8','PENDING','2024-09-28 20:01:16.695185','68cf1e3f-e2fd-4aaa-bf6c-1c77763cea91',NULL,NULL),('feb118f6-b724-4ad3-bd58-c0cfed8493a1','FOUND_SHIPPER','2024-09-17 21:21:58.618133','f914ee0c-30b3-4cf3-bbc6-c1286879f0e7',NULL,NULL),('ff641a2d-3ce1-43ca-a732-ded1a9378de5','FOUND_SHIPPER','2024-10-06 22:36:14.710329','1358a344-c671-4441-ae52-23683abec0b5',NULL,NULL);
/*!40000 ALTER TABLE `post_history` ENABLE KEYS */;
UNLOCK TABLES;

--
-- Table structure for table `product`
--

DROP TABLE IF EXISTS `product`;
/*!40101 SET @saved_cs_client     = @@character_set_client */;
/*!50503 SET character_set_client = utf8mb4 */;
CREATE TABLE `product` (
  `product_id` varchar(255) COLLATE utf8mb4_vietnamese_ci NOT NULL,
  `image` varchar(255) COLLATE utf8mb4_vietnamese_ci DEFAULT NULL,
  `mass` varchar(255) COLLATE utf8mb4_vietnamese_ci DEFAULT NULL,
  `quantity` int NOT NULL,
  `product_category_id` varchar(255) COLLATE utf8mb4_vietnamese_ci DEFAULT NULL,
  PRIMARY KEY (`product_id`),
  KEY `FKcwclrqu392y86y0pmyrsi649r` (`product_category_id`),
  CONSTRAINT `FKcwclrqu392y86y0pmyrsi649r` FOREIGN KEY (`product_category_id`) REFERENCES `product_category` (`product_categoy_id`)
) ENGINE=InnoDB DEFAULT CHARSET=utf8mb4 COLLATE=utf8mb4_vietnamese_ci;
/*!40101 SET character_set_client = @saved_cs_client */;

--
-- Dumping data for table `product`
--

LOCK TABLES `product` WRITE;
/*!40000 ALTER TABLE `product` DISABLE KEYS */;
INSERT INTO `product` VALUES ('070973fc-edf5-4386-b936-55eb44a480a4','https://res.cloudinary.com/dqpo9h5s2/image/upload/v1728315411/flr0mgtlljs88khtw2ow.jpg','Nhẹ hơn 10 kg',1,'4'),('0df2307b-33e2-4485-be12-c641dafd1b8f','https://res.cloudinary.com/dqpo9h5s2/image/upload/v1728217638/kz4istbhgzcrriyhybfh.jpg','Nhẹ hơn 10 kg',1,'3'),('14d392a6-3c36-4972-a57a-674d7956b16f','https://res.cloudinary.com/dqpo9h5s2/image/upload/v1728230823/ual3wizl7nqz7jiaf5g6.png','Nhẹ hơn 10 kg',1,'3'),('15830e12-2976-46b9-81d3-3c2d8377921b','https://res.cloudinary.com/dqpo9h5s2/image/upload/v1728229460/vxyvyhdmnahxaznsoj1p.png','Nhẹ hơn 10 kg',1,'2'),('1a6640a7-31cc-4325-bb54-5ba5e1b9866f','https://res.cloudinary.com/dqpo9h5s2/image/upload/v1726498311/f7uqj8j6qu9u6l5yjng7.jpg','Nhẹ hơn 10 kg',1,'3'),('229689a7-8ef1-4ab2-9e8f-43b96e53f0cf','https://res.cloudinary.com/dqpo9h5s2/image/upload/v1726846227/vnlp5vuokdq9kbuqxace.jpg','Nhẹ hơn 10 kg',1,'4'),('27044521-ffbb-4bcb-89a6-a06c694976f1','https://res.cloudinary.com/dqpo9h5s2/image/upload/v1728130531/ax3bavtxspe41qwiw656.png','Nhẹ hơn 10 kg',1,'3'),('29211ad6-b980-478c-a3a6-b0293f557681','https://res.cloudinary.com/dqpo9h5s2/image/upload/v1728216406/vv5gr0efxbaroohxqpxz.jpg','Nhẹ hơn 10 kg',1,'3'),('2ef3a0ae-aac1-4be5-bad7-be15d3a8d7a6','https://res.cloudinary.com/dqpo9h5s2/image/upload/v1728388377/uevfqkzornbehqkd27j4.png','Nhẹ hơn 10 kg',1,'3'),('3c35a355-b808-48c4-a104-7ba9937a3e31','https://res.cloudinary.com/dqpo9h5s2/image/upload/v1728305391/sqiyomtioraqdkfevsq9.jpg','Nhẹ hơn 10 kg',1,'3'),('4ea2ac58-fbd8-4222-9acc-7300ba1adcc8','https://res.cloudinary.com/dqpo9h5s2/image/upload/v1728224829/vfsey00azwkammwdojio.jpg','Nhẹ hơn 10 kg',1,'3'),('50b30090-49b1-4ffa-abde-54f21e3cd3e3','https://res.cloudinary.com/dqpo9h5s2/image/upload/v1726845715/cdz6yjdqnrcvlifgh6qc.jpg','Nhẹ hơn 10 kg',1,'3'),('524652f2-6666-43c6-bb5d-32e722415e4e','https://res.cloudinary.com/dqpo9h5s2/image/upload/v1728314780/tphqi8dbyve5wp1tqkd6.jpg','Nhẹ hơn 10 kg',1,'3'),('553e164a-3e61-4c29-82a9-133f23d7af72','https://res.cloudinary.com/dqpo9h5s2/image/upload/v1725687736/icvhwcmemf4ta7skou3r.jpg','Nhẹ hơn 10 kg',1,'3'),('5626f6b4-16dc-4ea1-98a9-c89ec624444c','https://res.cloudinary.com/dqpo9h5s2/image/upload/v1728312002/zscyf4s71xyq1iho8xx6.png','Nhẹ hơn 10 kg',1,'3'),('59fc0c08-d391-43e9-86f4-e573b749fddc','https://res.cloudinary.com/dqpo9h5s2/image/upload/v1728312586/i7ytr8lbpefagiuqty31.jpg','Nhẹ hơn 10 kg',1,'2'),('5b4be8e4-18a2-474b-b66a-a8b71013149c','https://res.cloudinary.com/dqpo9h5s2/image/upload/v1728231257/hoessleybp9lhvscuagq.png','Nhẹ hơn 10 kg',1,'5'),('60b8db8f-e784-4a5b-b8a0-508fe13ec9d0','https://res.cloudinary.com/dqpo9h5s2/image/upload/v1728218643/yluow6loz4zc7adhobpv.jpg','Nhẹ hơn 10 kg',1,'5'),('6107863a-5397-4c38-ba21-ab8754b54c6a','https://res.cloudinary.com/dqpo9h5s2/image/upload/v1728145344/e9d6nvdfuoqs9vbdczum.jpg','Nhẹ hơn 10 kg',1,'3'),('61718203-38e6-4ddf-b5a5-56f77e80f9df','https://res.cloudinary.com/dqpo9h5s2/image/upload/v1728230411/bomoxufqgeljftulr5qu.png','Nhẹ hơn 10 kg',1,'2'),('6220037e-2aa9-40f2-9922-a356773bf2ba','https://res.cloudinary.com/dqpo9h5s2/image/upload/v1728229823/g7p5drfjubpiwpejz8p3.png','Nhẹ hơn 10 kg',1,'3'),('624269b3-1e51-4b3e-98ac-436d26267554','https://res.cloudinary.com/dqpo9h5s2/image/upload/v1728228922/aqr3j2wvbntexxtkzjtk.png','Nhẹ hơn 10 kg',1,'3'),('641ad2ab-cf9a-4c7c-895f-5ffe196111d9','https://res.cloudinary.com/dqpo9h5s2/image/upload/v1728302449/wwpca0itqk4bwozutidt.png','Nhẹ hơn 10 kg',1,'2'),('66226d3d-5b1b-46fb-a4a6-e2181dcbd833','https://res.cloudinary.com/dqpo9h5s2/image/upload/v1728310867/mnm5eezcj1nm4yygkqbq.png','Nhẹ hơn 10 kg',1,'3'),('68223628-cc9d-4539-a61b-6a634fc8bc69','https://res.cloudinary.com/dqpo9h5s2/image/upload/v1728312871/nblztm21j82iuncvrr6j.jpg','Nhẹ hơn 10 kg',1,'3'),('6cfdc0f3-1e8e-4990-a68a-4b30a37f167f','https://res.cloudinary.com/dqpo9h5s2/image/upload/v1728231614/k8wgeht5zg2cbny3v7bh.png','Nhẹ hơn 10 kg',1,'3'),('73ae454b-16f1-4723-88df-98e70d7c4a21','https://res.cloudinary.com/dqpo9h5s2/image/upload/v1728312278/mf5cgiyaixc4vbds7ihb.jpg','Nhẹ hơn 10 kg',1,'3'),('75ea3b63-3e89-4e5f-92f5-ad00c411ed79','https://res.cloudinary.com/dqpo9h5s2/image/upload/v1726318269/sy0lhy8zzt0x2nnhf4jm.jpg','Nhẹ hơn 10 kg',1,'3'),('7c3462a1-31e8-41c9-a608-c56b767f1f02','https://res.cloudinary.com/dqpo9h5s2/image/upload/v1726842769/eh2k3gpy2bdedqyqvese.jpg','10 kg đến 30 kg',1,'4'),('7db3fc68-af47-47b1-9195-92bbeef634a8','https://res.cloudinary.com/dqpo9h5s2/image/upload/v1728313971/hofsn2hw85e84jcy5rth.jpg','Nhẹ hơn 10 kg',1,'4'),('8b268214-8f6a-4b9a-99e8-ad2d1db61a6a','https://res.cloudinary.com/dqpo9h5s2/image/upload/v1728218432/ttickpor6nhv2xd2mxac.jpg','Nhẹ hơn 10 kg',1,'2'),('8c88a04e-3a2c-4c0c-9292-2500981d1004','https://res.cloudinary.com/dqpo9h5s2/image/upload/v1728311032/xc8fjwu6a0icvgvb7hho.jpg','Nhẹ hơn 10 kg',1,'3'),('8d05224b-478c-4fdd-83b8-9ce7df6704bc','https://res.cloudinary.com/dqpo9h5s2/image/upload/v1728313243/kfozl1qqczgrvquhaxd7.png','Nhẹ hơn 10 kg',1,'3'),('8e3cc60c-7c70-4d45-bd81-26df13e293ac','https://res.cloudinary.com/dqpo9h5s2/image/upload/v1728314970/r7xotseduhhew6eyuftb.png','Nhẹ hơn 10 kg',1,'3'),('8ec506b7-c5a8-4b44-8764-81b258a2e98e','https://res.cloudinary.com/dqpo9h5s2/image/upload/v1724595654/qlm2d0vzwygissua058k.jpg','Nhẹ hơn 10 kg',1,'3'),('91b95abc-1f79-4003-8289-0c9b517197df','https://res.cloudinary.com/dqpo9h5s2/image/upload/v1728228226/cbozpacdrloortzwmddd.png','Nhẹ hơn 10 kg',1,'3'),('93f6f4b7-1a29-429d-bb34-c79be1332c77','https://res.cloudinary.com/dqpo9h5s2/image/upload/v1727450257/tpbnrvw520pv04rt6way.webp','Nhẹ hơn 10 kg',1,'4'),('98007235-de31-4f16-9ee4-0ff1f2234953','https://res.cloudinary.com/dqpo9h5s2/image/upload/v1726753552/yf9m3und7xwqfbjiyadx.jpg','Nhẹ hơn 10 kg',1,'3'),('a0937175-416d-4290-a9d3-594af72a5d60','https://res.cloudinary.com/dqpo9h5s2/image/upload/v1727542229/g3oz7kjicmjins97tc1p.png','Nhẹ hơn 10 kg',1,'5'),('b2eb0631-df78-412e-82ea-0377476ba969','https://res.cloudinary.com/dqpo9h5s2/image/upload/v1728311552/tbjosowwho6fyphhtpbr.jpg','Nhẹ hơn 10 kg',1,'3'),('b49dd0a5-7649-4d7a-b47e-c5ffd7305d46','https://res.cloudinary.com/dqpo9h5s2/image/upload/v1728230965/duo7lfywyxuntlpfwudl.png','Nhẹ hơn 10 kg',1,'3'),('b8d5d8eb-fb44-41ba-bad5-8c58f4bb9118','https://res.cloudinary.com/dqpo9h5s2/image/upload/v1727528331/vafeih2xbycw6ahp4xon.png','Nhẹ hơn 10 kg',1,'2'),('beb803fd-75ec-4ac7-9c23-d7c616a64af0','https://res.cloudinary.com/dqpo9h5s2/image/upload/v1727528543/eijvovrwk9kmu2mvyg94.png','Nhẹ hơn 10 kg',1,'2'),('c7b9988b-32ae-4ad8-ad1c-f851c4e831ef','https://res.cloudinary.com/dqpo9h5s2/image/upload/v1727450405/phabdd0qagof5liqxvbw.webp','Nhẹ hơn 10 kg',1,'3'),('d9818c33-6006-4b86-bcf9-478b4c684fd3','https://res.cloudinary.com/dqpo9h5s2/image/upload/v1728216079/gsvhsxfdxmtyx2u3bzsq.jpg','Nhẹ hơn 10 kg',1,'4'),('db260572-0b3c-44f7-aa39-902a711c0421','https://res.cloudinary.com/dqpo9h5s2/image/upload/v1726580679/mcgvdqdieer4b169uyi9.png','30 kg đến 50 kg',1,'2'),('e1d54cff-8bb5-4656-990e-e5ffa63230f3','https://res.cloudinary.com/dqpo9h5s2/image/upload/v1728305074/aqrj55vtymeheseslbmz.jpg','Nhẹ hơn 10 kg',1,'2'),('e66e38a8-5867-4b6b-b145-ae626c246d99','https://res.cloudinary.com/dqpo9h5s2/image/upload/v1728227995/qsfxre8vfcv8oohvxcta.png','Nhẹ hơn 10 kg',1,'4'),('e6d65808-7cc5-4899-bb86-85755d9738c3','https://res.cloudinary.com/dqpo9h5s2/image/upload/v1728227296/ty5an6fecqdfujtw1ndn.jpg','Nhẹ hơn 10 kg',1,'4'),('e9384049-d10f-4247-b835-6585cbe6a136','https://res.cloudinary.com/dqpo9h5s2/image/upload/v1728305203/ufo32wujwbhgpou1dz0v.jpg','Nhẹ hơn 10 kg',1,'3'),('ebdae932-d92e-44eb-a221-c65fb67de120','https://res.cloudinary.com/dqpo9h5s2/image/upload/v1726394327/cbgnafyjodzul3s54kgz.jpg','Nhẹ hơn 10 kg',1,'3'),('f349e88c-8c3f-4f0f-b495-2c3f448acde0','https://res.cloudinary.com/dqpo9h5s2/image/upload/v1728314434/bfv5j7evhvdogz0stzvo.jpg','Nhẹ hơn 10 kg',1,'4'),('f55d8825-833b-4263-a8ce-67413f6767ad','https://res.cloudinary.com/dqpo9h5s2/image/upload/v1727528476/pp1hhfzkm4zo8mc5qnqt.png','Nhẹ hơn 10 kg',1,'2'),('f80aa3ab-2ea9-45a3-9595-2df15a6e1c61','https://res.cloudinary.com/dqpo9h5s2/image/upload/v1728393303/qe8zpl4hicl4nstyjhtg.jpg','Nhẹ hơn 10 kg',1,'3');
/*!40000 ALTER TABLE `product` ENABLE KEYS */;
UNLOCK TABLES;

--
-- Table structure for table `product_category`
--

DROP TABLE IF EXISTS `product_category`;
/*!40101 SET @saved_cs_client     = @@character_set_client */;
/*!50503 SET character_set_client = utf8mb4 */;
CREATE TABLE `product_category` (
  `product_categoy_id` varchar(255) COLLATE utf8mb4_vietnamese_ci NOT NULL,
  `name` varchar(255) COLLATE utf8mb4_vietnamese_ci DEFAULT NULL,
  PRIMARY KEY (`product_categoy_id`)
) ENGINE=InnoDB DEFAULT CHARSET=utf8mb4 COLLATE=utf8mb4_vietnamese_ci;
/*!40101 SET character_set_client = @saved_cs_client */;

--
-- Dumping data for table `product_category`
--

LOCK TABLES `product_category` WRITE;
/*!40000 ALTER TABLE `product_category` DISABLE KEYS */;
INSERT INTO `product_category` VALUES ('1','Thực phẩm & đồ uống'),('2','Văn phòng phẩm'),('3','Quần áo & Phụ kiện'),('4','Đồ điện tử'),('5','Nguyên liệu / Linh kiện'),('6','Đồ gia dụng / Nội thất');
/*!40000 ALTER TABLE `product_category` ENABLE KEYS */;
UNLOCK TABLES;

--
-- Table structure for table `rating`
--

DROP TABLE IF EXISTS `rating`;
/*!40101 SET @saved_cs_client     = @@character_set_client */;
/*!50503 SET character_set_client = utf8mb4 */;
CREATE TABLE `rating` (
  `rating_id` varchar(100) COLLATE utf8mb4_vietnamese_ci NOT NULL,
  `feedback` varchar(255) COLLATE utf8mb4_vietnamese_ci DEFAULT NULL,
  `rating` double NOT NULL,
  `post_id` varchar(100) COLLATE utf8mb4_vietnamese_ci NOT NULL,
  `shipper_id` varchar(100) COLLATE utf8mb4_vietnamese_ci NOT NULL,
  `user_id` varchar(100) COLLATE utf8mb4_vietnamese_ci NOT NULL,
  `created_at` datetime(6) DEFAULT NULL,
  PRIMARY KEY (`rating_id`,`post_id`,`shipper_id`,`user_id`),
  UNIQUE KEY `UK_a5tn4avofohqpbwamnli44euq` (`post_id`),
  KEY `FKgbyye4xvpumsdh4vgiax8wlts` (`shipper_id`),
  KEY `FKpn05vbx6usw0c65tcyuce4dw5` (`user_id`),
  CONSTRAINT `FKgbyye4xvpumsdh4vgiax8wlts` FOREIGN KEY (`shipper_id`) REFERENCES `shipper` (`shipper_id`),
  CONSTRAINT `FKpn05vbx6usw0c65tcyuce4dw5` FOREIGN KEY (`user_id`) REFERENCES `user` (`user_id`),
  CONSTRAINT `FKq23oorcfn21b1owhgcqle69oq` FOREIGN KEY (`post_id`) REFERENCES `post` (`post_id`)
) ENGINE=InnoDB DEFAULT CHARSET=utf8mb4 COLLATE=utf8mb4_vietnamese_ci;
/*!40101 SET character_set_client = @saved_cs_client */;

--
-- Dumping data for table `rating`
--

LOCK TABLES `rating` WRITE;
/*!40000 ALTER TABLE `rating` DISABLE KEYS */;
INSERT INTO `rating` VALUES ('2606528b-a399-4168-b924-52795be4c387','Tình trạng phương tiện tốt',4,'3001f386-369b-43c4-a8ca-74550ee03992','asdf','33729b78-807f-4b26-9c68-4f29a1a31759','2024-10-08 18:56:42.924647'),('711f53dd-c0ee-499e-a743-cbc3d1c5e585','Tình trạng phương tiện tốt',4.5,'8c7c64f7-e774-4348-b3c8-1b7e4106782b','asdf','33729b78-807f-4b26-9c68-4f29a1a31759','2024-09-08 00:47:38.163096'),('e118e060-03f0-4e3a-b4aa-2713e8d6b86c','Tình trạng phương tiện tốt',5,'b5459549-68b1-46f2-a0f0-8ecb6b4ae3fd','asdf','33729b78-807f-4b26-9c68-4f29a1a31759','2024-09-20 22:38:12.859287');
/*!40000 ALTER TABLE `rating` ENABLE KEYS */;
UNLOCK TABLES;

--
-- Table structure for table `role`
--

DROP TABLE IF EXISTS `role`;
/*!40101 SET @saved_cs_client     = @@character_set_client */;
/*!50503 SET character_set_client = utf8mb4 */;
CREATE TABLE `role` (
  `name` varchar(255) COLLATE utf8mb4_vietnamese_ci NOT NULL,
  `description` varchar(255) COLLATE utf8mb4_vietnamese_ci DEFAULT NULL,
  PRIMARY KEY (`name`)
) ENGINE=InnoDB DEFAULT CHARSET=utf8mb4 COLLATE=utf8mb4_vietnamese_ci;
/*!40101 SET character_set_client = @saved_cs_client */;

--
-- Dumping data for table `role`
--

LOCK TABLES `role` WRITE;
/*!40000 ALTER TABLE `role` DISABLE KEYS */;
INSERT INTO `role` VALUES ('ADMIN','Admin role'),('SHIPPER','Shiper role'),('USER','User role');
/*!40000 ALTER TABLE `role` ENABLE KEYS */;
UNLOCK TABLES;

--
-- Table structure for table `role_permissions`
--

DROP TABLE IF EXISTS `role_permissions`;
/*!40101 SET @saved_cs_client     = @@character_set_client */;
/*!50503 SET character_set_client = utf8mb4 */;
CREATE TABLE `role_permissions` (
  `role_name` varchar(255) COLLATE utf8mb4_vietnamese_ci NOT NULL,
  `permissions_name` varchar(255) COLLATE utf8mb4_vietnamese_ci NOT NULL,
  PRIMARY KEY (`role_name`,`permissions_name`),
  KEY `FKf5aljih4mxtdgalvr7xvngfn1` (`permissions_name`),
  CONSTRAINT `FKcppvu8fk24eqqn6q4hws7ajux` FOREIGN KEY (`role_name`) REFERENCES `role` (`name`),
  CONSTRAINT `FKf5aljih4mxtdgalvr7xvngfn1` FOREIGN KEY (`permissions_name`) REFERENCES `permission` (`name`)
) ENGINE=InnoDB DEFAULT CHARSET=utf8mb4 COLLATE=utf8mb4_vietnamese_ci;
/*!40101 SET character_set_client = @saved_cs_client */;

--
-- Dumping data for table `role_permissions`
--

LOCK TABLES `role_permissions` WRITE;
/*!40000 ALTER TABLE `role_permissions` DISABLE KEYS */;
INSERT INTO `role_permissions` VALUES ('ADMIN','CREATE_POST');
/*!40000 ALTER TABLE `role_permissions` ENABLE KEYS */;
UNLOCK TABLES;

--
-- Table structure for table `shipper`
--

DROP TABLE IF EXISTS `shipper`;
/*!40101 SET @saved_cs_client     = @@character_set_client */;
/*!50503 SET character_set_client = utf8mb4 */;
CREATE TABLE `shipper` (
  `shipper_id` varchar(255) COLLATE utf8mb4_vietnamese_ci NOT NULL,
  `identity_b` varchar(120) COLLATE utf8mb4_vietnamese_ci DEFAULT NULL,
  `identity_f` varchar(120) COLLATE utf8mb4_vietnamese_ci DEFAULT NULL,
  `vehicle_number` varchar(15) COLLATE utf8mb4_vietnamese_ci DEFAULT NULL,
  `user_id` varchar(255) COLLATE utf8mb4_vietnamese_ci DEFAULT NULL,
  `vehicle_id` varchar(255) COLLATE utf8mb4_vietnamese_ci DEFAULT NULL,
  PRIMARY KEY (`shipper_id`),
  UNIQUE KEY `UK_6mg9ljuis7fojd8a7l4xs4jki` (`user_id`),
  KEY `FKspmsmtsft5lx7dw8l00p3areh` (`vehicle_id`),
  CONSTRAINT `FKe1pqdhq5ffxlc6hny0o2wncda` FOREIGN KEY (`user_id`) REFERENCES `user` (`user_id`),
  CONSTRAINT `FKspmsmtsft5lx7dw8l00p3areh` FOREIGN KEY (`vehicle_id`) REFERENCES `vehicle` (`vehicle_id`)
) ENGINE=InnoDB DEFAULT CHARSET=utf8mb4 COLLATE=utf8mb4_vietnamese_ci;
/*!40101 SET character_set_client = @saved_cs_client */;

--
-- Dumping data for table `shipper`
--

LOCK TABLES `shipper` WRITE;
/*!40000 ALTER TABLE `shipper` DISABLE KEYS */;
INSERT INTO `shipper` VALUES ('asdf',NULL,NULL,'29A-3982','33729b78-807f-4b26-9c68-4f29a1a31749','2');
/*!40000 ALTER TABLE `shipper` ENABLE KEYS */;
UNLOCK TABLES;

--
-- Table structure for table `shipper_post`
--

DROP TABLE IF EXISTS `shipper_post`;
/*!40101 SET @saved_cs_client     = @@character_set_client */;
/*!50503 SET character_set_client = utf8mb4 */;
CREATE TABLE `shipper_post` (
  `shipper_post_id` varchar(100) COLLATE utf8mb4_vietnamese_ci NOT NULL,
  `joined_at` datetime(6) DEFAULT NULL,
  `status` enum('JOINED','APPROVAL') COLLATE utf8mb4_vietnamese_ci DEFAULT NULL,
  `post_id` varchar(100) COLLATE utf8mb4_vietnamese_ci NOT NULL,
  `shipper_id` varchar(100) COLLATE utf8mb4_vietnamese_ci NOT NULL,
  PRIMARY KEY (`shipper_post_id`,`post_id`,`shipper_id`),
  KEY `FKddgq6pgmkmxpi717e5mjit45g` (`post_id`),
  KEY `FKjq2hqksxhgb85gbh1bfois6ps` (`shipper_id`),
  CONSTRAINT `FKddgq6pgmkmxpi717e5mjit45g` FOREIGN KEY (`post_id`) REFERENCES `post` (`post_id`),
  CONSTRAINT `FKjq2hqksxhgb85gbh1bfois6ps` FOREIGN KEY (`shipper_id`) REFERENCES `shipper` (`shipper_id`)
) ENGINE=InnoDB DEFAULT CHARSET=utf8mb4 COLLATE=utf8mb4_vietnamese_ci;
/*!40101 SET character_set_client = @saved_cs_client */;

--
-- Dumping data for table `shipper_post`
--

LOCK TABLES `shipper_post` WRITE;
/*!40000 ALTER TABLE `shipper_post` DISABLE KEYS */;
INSERT INTO `shipper_post` VALUES ('01cade76-b408-425b-84e5-e911ad93081c','2024-10-06 22:08:31.984417','APPROVAL','6e7eb08f-7ce9-4607-afc6-540d9da05ec2','asdf'),('01f4c203-a201-4234-a73a-b2b2044c4696','2024-09-17 21:21:57.185310','APPROVAL','f914ee0c-30b3-4cf3-bbc6-c1286879f0e7','asdf'),('0a389891-db01-4016-b059-5c23ea936ab7','2024-10-06 19:06:54.709043','APPROVAL','93bc81d1-33f6-4f44-8f9c-ef1fa1becae7','asdf'),('10aec95c-4a92-4157-91bc-998b0a9981ca','2024-09-15 00:16:46.380871','APPROVAL','f37229ef-119d-4ceb-87ff-0c3dab64516f','asdf'),('1105ef9b-3814-4597-9dbc-e02f245c95b8','2024-09-27 22:20:15.622158','APPROVAL','aece29bf-3569-4648-a9cf-604e53d33e4d','asdf'),('19d7406a-f196-4737-82b3-77b82a1bc5d6','2024-10-07 20:49:38.152136','APPROVAL','5d737975-3754-405e-a9b8-61db4dab6b3e','asdf'),('1befdc5c-8b05-4e50-827d-fbbfaddc6d4f','2024-10-06 23:21:06.690580','APPROVAL','1d00a8ee-a465-46ea-9bcf-44f50604e297','asdf'),('35c404ac-d1d4-465f-9fc6-6f39fb76c80e','2024-09-20 22:30:51.821053','APPROVAL','b5459549-68b1-46f2-a0f0-8ecb6b4ae3fd','asdf'),('373c4040-98c7-4c5f-88af-1ac376693d8f','2024-09-20 21:19:01.957577','APPROVAL','22386cb9-1062-4fa9-8715-2a8d4841325d','asdf'),('3bb6499d-f9fa-4837-88da-fef1d2a8bc6c','2024-10-07 21:21:14.715403','JOINED','df7f076b-be31-41aa-9c0f-085126dab3a7','asdf'),('3f808b17-5c1c-41d9-ab49-befad86fb86b','2024-09-07 17:03:52.469543','APPROVAL','8c7c64f7-e774-4348-b3c8-1b7e4106782b','asdf'),('4f1a58c4-e439-4596-80be-f5004f4448f1','2024-10-07 22:42:02.643053','APPROVAL','74ea0ade-b9e7-4a90-b599-01146c793d44','asdf'),('52d6f11f-977a-42f6-ab96-28265d509b4e','2024-10-07 21:16:02.488662','APPROVAL','c128082d-47e1-4ba0-8ac8-396908a05962','asdf'),('588a4a14-bed5-49c4-b6ee-d643fc564220','2024-10-06 23:00:21.160326','APPROVAL','f0fbe3c9-b188-4ecb-a958-214a301720d4','asdf'),('5c24510e-3b8c-48c0-9e3b-882aae86b59d','2024-10-05 19:17:53.667104','APPROVAL','903d81b7-ec38-4d3c-96f3-e8a40d283025','asdf'),('7411c22d-32f9-4881-94b8-18c730c72c1d','2024-09-30 21:46:13.435985','APPROVAL','9ae3b1e0-1538-4432-b512-3affde188aa0','asdf'),('7941135e-0656-46a4-a42f-f1530c9577a8','2024-10-07 22:30:16.023842','APPROVAL','ef95d793-8b0e-4e9d-b425-8d11c5a7ab8b','asdf'),('7df1d6be-10f0-48cb-8531-d80f33adf638','2024-09-16 22:08:42.018276','APPROVAL','c192a7d4-3653-4ef3-ab80-4b98ac403ece','asdf'),('7e4ae811-8443-4654-9e17-78dcc3b0ddbf','2024-10-06 22:44:52.818508','APPROVAL','85683b3d-f630-49fa-8f02-d881905b7314','asdf'),('7fbbe264-a22b-4da2-af03-ae996751a455','2024-10-07 21:02:08.946582','APPROVAL','fb85c7bb-1539-41c7-b79d-d61d3163f8d2','asdf'),('809747d5-80d9-4ee0-94f0-22f5678de8a9','2024-10-06 22:36:14.026849','APPROVAL','1358a344-c671-4441-ae52-23683abec0b5','asdf'),('82057389-4b35-4159-abb4-e8e8c47c7fc6','2024-10-07 21:44:50.261634','APPROVAL','149f0632-e5e1-4f0e-988d-c5c0d55f60ce','asdf'),('8f3a9e28-117e-4877-a72c-93f605055ea5','2024-10-06 22:24:26.723611','APPROVAL','7196de4f-cc2c-4c2a-89cf-3bc2121683f8','asdf'),('8f3b920d-0b36-4898-b77e-0e3efba5f79e','2024-10-07 21:32:45.901959','APPROVAL','9cf4a6b1-5065-40c1-b800-6f544ab05945','asdf'),('964d91c5-6156-42ef-99cc-a296e9e4d1ae','2024-10-07 19:01:00.110737','APPROVAL','47cf29e0-274b-45bc-9c0b-d87a030532c9','asdf'),('9c65878a-be31-4e10-879c-5363464bdf58','2024-10-07 20:30:25.720749','APPROVAL','24131216-7b40-425d-a6f3-cd318e92b168','asdf'),('9e746734-d07b-4fed-8ba2-15a0a30044b0','2024-09-30 21:21:55.287192','APPROVAL','63744b75-37a0-4661-b45f-07f9d85e4309','asdf'),('9fd0bef3-dd5d-48e4-9486-9cf616c35eeb','2024-10-05 23:22:35.735246','APPROVAL','35400ccf-3d41-45f6-86e9-df9821978e52','asdf'),('b71e246c-05c5-4a0a-8d56-c09a67ed5b31','2024-09-20 22:22:26.433368','APPROVAL','d8ab54d0-3806-4cc5-8469-ac75d4cc9016','asdf'),('be98b55f-ac5d-49b8-a1c9-c60a3eb1361c','2024-10-07 20:43:11.549476','APPROVAL','37b32070-0e2c-45a8-b193-8cd5f475a34b','asdf'),('c1b1a892-86b1-4b24-93aa-b692c2401b19','2024-10-08 18:54:09.736824','APPROVAL','3001f386-369b-43c4-a8ca-74550ee03992','asdf'),('c59ba6c2-4cdc-494f-a388-4febdbc949cb','2024-10-06 22:50:31.095922','APPROVAL','65a6a02f-685d-4b4f-b758-2ce0a828a1d5','asdf'),('d5a7fc3b-8776-4313-9dd2-47ad55b5711b','2024-10-06 23:14:23.629571','APPROVAL','997780a4-2447-468c-982c-fc4d60ba85a3','asdf'),('d60a6d50-28a7-41ff-b242-538c3bd4660e','2024-10-07 21:40:19.483371','APPROVAL','ef29f344-43ea-4444-a4db-e16ae17a7dd2','asdf'),('d93e20c8-0962-419d-a2b3-ce528ab3d986','2024-10-06 21:27:46.130734','APPROVAL','a1505c86-8b37-42e9-8d1a-67fb777851c3','asdf'),('d9aacf31-176a-4ca2-baed-856caacec25e','2024-10-07 21:24:00.222644','JOINED','c8440358-cf96-45f1-84f7-03f11deb5052','asdf'),('db5b68e7-ddd4-4d4e-9451-566467e0ce9f','2024-09-20 21:59:51.497730','APPROVAL','b3d793b2-982b-4242-896e-86899dd4ff8e','asdf'),('dc61d5ac-f4a4-4a71-a685-27081059126e','2024-10-07 21:55:01.774465','APPROVAL','bff9ccb1-10cf-4935-a695-b2e6d6f0b4e3','asdf'),('f6885ce2-3aa2-4e99-9823-36a9d1e352bd','2024-10-07 21:07:55.683745','APPROVAL','c45f57b6-12ae-42fa-bcb7-730199d1434f','asdf'),('ff947fb6-0656-4a95-a03a-7ff31c3ebcce','2024-10-06 23:09:32.276846','APPROVAL','f3f828a7-0a16-436d-857f-6d7d559df35f','asdf'),('sdasdgasdgerw','2024-09-07 17:03:52.469543','APPROVAL','441d2777-d462-4d79-a054-28090266c21b','asdf');
/*!40000 ALTER TABLE `shipper_post` ENABLE KEYS */;
UNLOCK TABLES;

--
-- Table structure for table `user`
--

DROP TABLE IF EXISTS `user`;
/*!40101 SET @saved_cs_client     = @@character_set_client */;
/*!50503 SET character_set_client = utf8mb4 */;
CREATE TABLE `user` (
  `user_id` varchar(255) COLLATE utf8mb4_vietnamese_ci NOT NULL,
  `avatar` varchar(255) COLLATE utf8mb4_vietnamese_ci DEFAULT NULL,
  `email` varchar(30) COLLATE utf8mb4_vietnamese_ci NOT NULL,
  `first_name` varchar(255) COLLATE utf8mb4_vietnamese_ci DEFAULT NULL,
  `last_name` varchar(255) COLLATE utf8mb4_vietnamese_ci DEFAULT NULL,
  `password` varchar(255) COLLATE utf8mb4_vietnamese_ci NOT NULL,
  `username` varchar(50) COLLATE utf8mb4_vietnamese_ci NOT NULL,
  PRIMARY KEY (`user_id`),
  UNIQUE KEY `UK_ob8kqyqqgmefl0aco34akdtpe` (`email`),
  UNIQUE KEY `UK_sb8bbouer5wak8vyiiy4pf2bx` (`username`)
) ENGINE=InnoDB DEFAULT CHARSET=utf8mb4 COLLATE=utf8mb4_vietnamese_ci;
/*!40101 SET character_set_client = @saved_cs_client */;

--
-- Dumping data for table `user`
--

LOCK TABLES `user` WRITE;
/*!40000 ALTER TABLE `user` DISABLE KEYS */;
INSERT INTO `user` VALUES ('33729b78-807f-4b26-9c68-4f29a1a31749','https://res.cloudinary.com/dqpo9h5s2/image/upload/v1711628129/avatar_user/ht2llxsfkmjm0ikziuqm.jpg','theanhmgt66@gmail.com','Anh','Nguyen','$2a$10$G8gu7PRQogStvMo.lPsjJOjc30ziMIMRy7n5mHrApGGKbLT0VB95u','theanh'),('33729b78-807f-4b26-9c68-4f29a1a31759','https://res.cloudinary.com/dqpo9h5s2/image/upload/v1711628129/avatar_user/ht2llxsfkmjm0ikziuqm.jpg','a@example.com','Chai','Nguyen','$2a$10$G8gu7PRQogStvMo.lPsjJOjc30ziMIMRy7n5mHrApGGKbLT0VB95u','theanh1');
/*!40000 ALTER TABLE `user` ENABLE KEYS */;
UNLOCK TABLES;

--
-- Table structure for table `user_roles`
--

DROP TABLE IF EXISTS `user_roles`;
/*!40101 SET @saved_cs_client     = @@character_set_client */;
/*!50503 SET character_set_client = utf8mb4 */;
CREATE TABLE `user_roles` (
  `user_user_id` varchar(255) COLLATE utf8mb4_vietnamese_ci NOT NULL,
  `roles_name` varchar(255) COLLATE utf8mb4_vietnamese_ci NOT NULL,
  PRIMARY KEY (`user_user_id`,`roles_name`),
  KEY `FK6pmbiap985ue1c0qjic44pxlc` (`roles_name`),
  CONSTRAINT `FK6pmbiap985ue1c0qjic44pxlc` FOREIGN KEY (`roles_name`) REFERENCES `role` (`name`),
  CONSTRAINT `FKkv46dn3qakjvsk7ra33nd5sns` FOREIGN KEY (`user_user_id`) REFERENCES `user` (`user_id`)
) ENGINE=InnoDB DEFAULT CHARSET=utf8mb4 COLLATE=utf8mb4_vietnamese_ci;
/*!40101 SET character_set_client = @saved_cs_client */;

--
-- Dumping data for table `user_roles`
--

LOCK TABLES `user_roles` WRITE;
/*!40000 ALTER TABLE `user_roles` DISABLE KEYS */;
INSERT INTO `user_roles` VALUES ('33729b78-807f-4b26-9c68-4f29a1a31749','SHIPPER'),('33729b78-807f-4b26-9c68-4f29a1a31749','USER'),('33729b78-807f-4b26-9c68-4f29a1a31759','USER');
/*!40000 ALTER TABLE `user_roles` ENABLE KEYS */;
UNLOCK TABLES;

--
-- Table structure for table `vehicle`
--

DROP TABLE IF EXISTS `vehicle`;
/*!40101 SET @saved_cs_client     = @@character_set_client */;
/*!50503 SET character_set_client = utf8mb4 */;
CREATE TABLE `vehicle` (
  `vehicle_id` varchar(255) COLLATE utf8mb4_vietnamese_ci NOT NULL,
  `capacity` varchar(255) COLLATE utf8mb4_vietnamese_ci DEFAULT NULL,
  `description` varchar(255) COLLATE utf8mb4_vietnamese_ci DEFAULT NULL,
  `icon` varchar(255) COLLATE utf8mb4_vietnamese_ci DEFAULT NULL,
  `name` varchar(50) COLLATE utf8mb4_vietnamese_ci DEFAULT NULL,
  PRIMARY KEY (`vehicle_id`)
) ENGINE=InnoDB DEFAULT CHARSET=utf8mb4 COLLATE=utf8mb4_vietnamese_ci;
/*!40101 SET character_set_client = @saved_cs_client */;

--
-- Dumping data for table `vehicle`
--

LOCK TABLES `vehicle` WRITE;
/*!40000 ALTER TABLE `vehicle` DISABLE KEYS */;
INSERT INTO `vehicle` VALUES ('2','0.5 x 0.4 x 0.5 Mét - Lên đến 30kg','Vận chuyển mặt hàng nhỏ giá trị đến 3 triệu đồng','https://res.cloudinary.com/dqpo9h5s2/image/upload/v1706106196/vehicle_icon/gjisuqtnu1gl7rtpdron.png','Xe Máy'),('3','1.7 x 1.2 x 1.2 Mét Lên đến 500 kg','Hoạt Động Tất Cả Khung Giờ | Chở Tối Đa 500Kg * 1.5CBM','https://res.cloudinary.com/dqpo9h5s2/image/upload/v1706106556/vehicle_icon/pkbqdybiilwiynh0yyxv.png','Xe Van 500 kg'),('4','1.7 x 1.2 x 1.2 Mét Lên đến 500 kg','Hoạt Động Tất Cả Khung Giờ | Chở Tối Đa 1000Kg * 4CBM','https://res.cloudinary.com/dqpo9h5s2/image/upload/v1706106626/vehicle_icon/rqqk1cvmbt7q5agsgdry.png','Xe Van 1000 kg'),('5','1.9 x 1.4 x 1.4 Mét Lên đến 500 kg','Giờ Cấm Tải 6H-9H & 16H-20H | Chở tối đa 500Kg & 1.5CBM','https://res.cloudinary.com/dqpo9h5s2/image/upload/v1706106669/vehicle_icon/lnnx9evnqsxy1gmygn23.png','Xe Tải 500kg'),('6','3 x 1.6 x 1.6 Mét Lên đến 1000 kg','Giờ Cấm Tải 6H-9H & 16H-20H | Chở tối đa 1000Kg & 5CBM','https://res.cloudinary.com/dqpo9h5s2/image/upload/v1706106704/vehicle_icon/enknv9eqjzcdpc10jxxo.png','Xe Tải 1000kg');
/*!40000 ALTER TABLE `vehicle` ENABLE KEYS */;
UNLOCK TABLES;
/*!40103 SET TIME_ZONE=@OLD_TIME_ZONE */;

/*!40101 SET SQL_MODE=@OLD_SQL_MODE */;
/*!40014 SET FOREIGN_KEY_CHECKS=@OLD_FOREIGN_KEY_CHECKS */;
/*!40014 SET UNIQUE_CHECKS=@OLD_UNIQUE_CHECKS */;
/*!40101 SET CHARACTER_SET_CLIENT=@OLD_CHARACTER_SET_CLIENT */;
/*!40101 SET CHARACTER_SET_RESULTS=@OLD_CHARACTER_SET_RESULTS */;
/*!40101 SET COLLATION_CONNECTION=@OLD_COLLATION_CONNECTION */;
/*!40111 SET SQL_NOTES=@OLD_SQL_NOTES */;

-- Dump completed on 2024-10-10 21:51:55
